15.750000;29.059999;4.220000,42.259998;18.030001;1.300000,41.250000;-8.390000;5.130000,0,-1,0.9
15.750000;29.059999;4.220000,42.259998;18.030001;1.300000,41.150002;-8.290000;5.130000,0,-1,0.9
-2.470000;41.529999;0.160000,-43.740002;-0.550000;4.680000,33.169998;40.180000;1.070000,0,-1,0.4
-2.470000;41.529999;0.160000,-43.139999;0.050000;4.680000,33.169998;40.180000;1.070000,0,-1,0.4
-2.470000;41.529999;0.160000,-43.139999;0.050000;4.680000,33.770000;39.580002;1.070000,0,-1,0.4
1.310000;34.680000;2.650000,-21.530001;42.330002;5.520000,-25.330000;-10.910000;4.550000,0,-1,0.6
1.310000;34.680000;2.650000,-21.530001;42.330002;5.520000,-25.730000;-11.310000;4.550000,0,-1,0.6
40.669998;28.620001;1.970000,16.809999;39.869999;3.220000,-36.590000;-12.800000;2.310000,0,-1,0.5
40.169998;28.120001;1.970000,16.809999;39.869999;3.220000,-36.590000;-12.800000;2.310000,0,-1,0.5
39.669998;28.620001;1.970000,16.809999;39.869999;3.220000,-36.590000;-12.800000;2.310000,0,-1,0.5
-26.180000;43.110001;2.500000,-6.230000;44.709999;3.380000,41.709999;10.330000;0.500000,0,-1,1
-16.760000;15.500000;4.870000,27.570000;33.650002;4.680000,-34.779999;24.790001;2.990000,0,-1,0.4
-16.760000;15.500000;4.870000,27.570000;33.650002;4.680000,-34.180000;24.190001;2.990000,0,-1,0.4
-16.760000;15.500000;4.870000,26.969999;33.049999;4.680000,-34.180000;24.190001;2.990000,0,-1,0.4
15.750000;29.059999;4.220000,42.259998;18.030001;1.300000,41.150002;-8.290000;5.130000,0,-1,0.9
15.850000;28.959999;4.220000,42.259998;18.030001;1.300000,41.150002;-8.290000;5.130000,0,-1,0.9
-2.470000;41.529999;0.160000,-43.139999;0.050000;4.680000,33.770000;39.580002;1.070000,0,-1,0.4
-1.870000;40.930000;0.160000,-43.139999;0.050000;4.680000,33.770000;39.580002;1.070000,0,-1,0.4
-1.870000;40.930000;0.160000,-42.540001;-0.550000;4.680000,33.770000;39.580002;1.070000,0,-1,0.4
-16.760000;15.500000;4.870000,26.969999;33.049999;4.680000,-34.180000;24.190001;2.990000,0,-1,0.9
-16.760000;15.500000;4.870000,27.070000;33.150002;4.680000,-34.180000;24.190001;2.990000,0,-1,0.9
-16.760000;15.500000;4.870000,26.969999;33.049999;4.680000,-34.180000;28.100000;2.990000,1,9,0.5
-16.260000;16.000000;4.870000,26.969999;33.049999;4.680000,-34.180000;28.100000;2.990000,1,9,0.5
-16.760000;16.500000;4.870000,26.969999;33.049999;4.680000,-34.180000;28.100000;2.990000,1,9,0.5
-16.760000;40.599998;4.870000,26.969999;33.049999;4.680000,-34.180000;24.190001;2.990000,1,9,0.4
-16.760000;40.599998;4.870000,26.969999;33.049999;4.680000,-34.779999;24.790001;2.990000,1,10,0.4
-16.160000;40.000000;4.870000,26.969999;33.049999;4.680000,-34.779999;24.790001;2.990000,1,9,0.4
-16.760000;15.500000;4.870000,26.969999;29.200001;4.680000,-34.180000;24.190001;2.990000,1,9,0.8
-16.760000;15.500000;4.870000,26.770000;29.000000;4.680000,-34.180000;24.190001;2.990000,1,9,0.8
-16.760000;16.500000;4.870000,26.969999;33.049999;4.680000,-34.180000;28.100000;2.990000,1,9,0.5
-16.260000;16.000000;4.870000,26.969999;33.049999;4.680000,-34.180000;28.100000;2.990000,1,9,0.5
-16.260000;16.000000;4.870000,26.469999;32.549999;4.680000,-34.180000;28.100000;2.990000,1,10,0.5
-16.160000;40.000000;4.870000,26.969999;33.049999;4.680000,-34.779999;24.790001;2.990000,1,1,0.4
-16.160000;40.000000;4.870000,26.969999;33.049999;4.680000,-34.180000;25.389999;2.990000,1,9,0.4
-16.760000;39.400002;4.870000,26.969999;33.049999;4.680000,-34.180000;25.389999;2.990000,1,10,0.4
-16.760000;15.600000;4.870000,26.969999;23.500000;4.680000,-34.180000;28.100000;2.990000,1,9,0.5
-17.260000;16.100000;4.870000,26.969999;23.500000;4.680000,-34.180000;28.100000;2.990000,1,10,0.5
-17.260000;16.100000;4.870000,26.969999;23.500000;4.680000,-33.680000;27.600000;2.990000,1,9,0.5
-16.760000;16.500000;4.870000,26.969999;33.049999;4.680000,-34.180000;28.100000;2.990000,1,9,0.4
-17.360001;15.900000;4.870000,26.969999;33.049999;4.680000,-34.180000;28.100000;2.990000,1,9,0.4
-17.360001;15.900000;4.870000,26.370001;32.450001;4.680000,-34.180000;28.100000;2.990000,1,9,0.4
-16.760000;16.500000;4.870000,26.969999;33.049999;4.680000,-34.180000;28.100000;2.990000,1,10,0.3
-16.760000;16.500000;4.870000,27.670000;32.349998;4.680000,-34.180000;28.100000;2.990000,1,9,0.3
-17.459999;17.200001;4.870000,27.670000;32.349998;4.680000,-34.180000;28.100000;2.990000,1,12,0.3
-17.459999;17.200001;4.870000,27.670000;32.349998;4.680000,-34.880001;28.799999;2.990000,1,12,0.3
-16.760000;16.500000;4.870000,26.969999;33.049999;4.680000,-34.180000;28.100000;2.990000,1,9,0.8
-16.760000;16.500000;4.870000,26.969999;33.049999;4.680000,-34.380001;28.299999;2.990000,1,9,0.8
-17.459999;17.200001;4.870000,27.670000;32.349998;4.680000,-34.880001;28.799999;2.990000,1,9,0.3
-17.459999;17.200001;4.870000,26.969999;33.049999;4.680000,-34.880001;28.799999;2.990000,1,9,0.3
-17.459999;17.200001;4.870000,26.969999;33.049999;4.680000,-34.180000;28.100000;2.990000,1,12,0.3
-16.760000;16.500000;4.870000,26.969999;33.049999;4.680000,-34.180000;28.100000;2.990000,1,9,0.3
-16.260000;16.000000;4.870000,26.469999;32.549999;4.680000,-34.180000;28.100000;2.990000,1,1,0.5
-16.760000;15.500000;4.870000,26.469999;32.549999;4.680000,-34.180000;28.100000;2.990000,1,9,0.5
-17.260000;16.000000;4.870000,26.469999;32.549999;4.680000,-34.180000;28.100000;2.990000,1,9,0.5
-16.260000;16.000000;4.870000,26.969999;33.049999;4.680000,-34.180000;25.389999;2.990000,1,9,0.3
-16.959999;15.300000;4.870000,26.969999;33.049999;4.680000,-34.180000;25.389999;2.990000,1,9,0.3
-16.959999;15.300000;4.870000,27.670000;33.750000;4.680000,-34.180000;25.389999;2.990000,1,9,0.3
-16.959999;15.300000;4.870000,28.370001;34.450001;4.680000,-34.180000;25.389999;2.990000,1,9,0.3
-16.760000;37.099998;4.870000,26.469999;32.549999;4.680000,-34.180000;28.100000;2.990000,1,9,0.8
-16.760000;37.099998;4.870000,26.469999;32.549999;4.680000,-34.380001;28.299999;2.990000,1,10,0.8
-17.260000;16.100000;4.870000,26.969999;33.049999;4.680000,15.200000;25.389999;2.990000,1,9,0.4
-17.260000;16.100000;4.870000,26.969999;33.049999;4.680000,15.800000;24.790001;2.990000,1,9,0.4
-17.860001;16.700001;4.870000,26.969999;33.049999;4.680000,15.800000;24.790001;2.990000,1,9,0.4
-3.900000;39.400002;4.870000,26.969999;23.500000;4.680000,-33.680000;27.600000;2.990000,1,1,0.5
-4.400000;39.900002;4.870000,26.969999;23.500000;4.680000,-33.680000;27.600000;2.990000,1,9,0.5
-4.900000;39.400002;4.870000,26.969999;23.500000;4.680000,-33.680000;27.600000;2.990000,1,9,0.5
-16.760000;16.500000;4.870000,26.969999;33.049999;4.680000,-34.180000;28.100000;2.990000,1,9,0.3
-16.760000;16.500000;4.870000,26.969999;33.049999;4.680000,-34.880001;27.400000;2.990000,1,9,0.3
-16.760000;16.500000;4.870000,26.969999;33.049999;4.680000,-35.580002;28.100000;2.990000,1,9,0.3
-16.760000;16.500000;4.870000,27.670000;32.349998;4.680000,-35.580002;28.100000;2.990000,1,9,0.3
-16.959999;15.300000;4.870000,28.370001;34.450001;4.680000,-34.180000;25.389999;2.990000,1,9,0.3
-16.959999;15.300000;4.870000,29.070000;35.150002;4.680000,-34.180000;25.389999;2.990000,1,9,0.3
-16.959999;15.300000;4.870000,28.370001;34.450001;4.680000,-34.180000;25.389999;2.990000,1,9,0.3
-17.660000;16.000000;4.870000,28.370001;34.450001;4.680000,-34.180000;25.389999;2.990000,1,9,0.3
-4.900000;39.400002;4.870000,26.969999;23.500000;4.680000,-43.799999;28.100000;2.990000,1,9,0.4
-4.900000;39.400002;4.870000,26.969999;23.500000;4.680000,-44.400002;27.500000;2.990000,1,9,0.4
-4.900000;39.400002;4.870000,26.969999;23.500000;4.680000,-45.000000;26.900000;2.990000,1,9,0.4
-16.760000;35.000000;4.870000,26.969999;33.049999;4.680000,-33.680000;27.600000;2.990000,1,1,0.5
-16.760000;35.000000;4.870000,27.469999;32.549999;4.680000,-33.680000;27.600000;2.990000,1,1,0.5
-16.760000;35.000000;4.870000,26.969999;32.049999;4.680000,-33.680000;27.600000;2.990000,1,9,0.5
-3.000000;39.400002;4.870000,26.969999;23.500000;4.680000,-33.680000;27.600000;2.990000,1,9,0.5
-3.000000;39.400002;4.870000,26.969999;23.500000;4.680000,-34.180000;28.100000;2.990000,1,9,0.5
-2.500000;38.900002;4.870000,26.969999;23.500000;4.680000,-34.180000;28.100000;2.990000,1,9,0.5
-4.900000;39.400002;4.870000,-37.000000;23.500000;4.680000,33.200001;27.600000;2.990000,1,9,0.5
-4.900000;39.400002;4.870000,-37.000000;23.500000;4.680000,32.700001;27.100000;2.990000,1,9,0.5
-4.900000;39.400002;4.870000,-36.500000;24.000000;4.680000,32.700001;27.100000;2.990000,1,10,0.5
-16.760000;16.500000;4.870000,27.670000;32.349998;4.680000,-35.580002;28.100000;2.990000,1,9,0.3
-16.760000;16.500000;4.870000,27.670000;32.349998;4.680000,-36.279999;27.400000;2.990000,1,9,0.3
-16.760000;16.500000;4.870000,27.670000;32.349998;4.680000,-36.980000;28.100000;2.990000,1,9,0.3
-16.760000;16.500000;4.870000,27.670000;32.349998;4.680000,-36.279999;27.400000;2.990000,1,9,0.3
-17.660000;16.000000;4.870000,28.370001;34.450001;4.680000,-34.180000;25.389999;2.990000,1,9,0.3
-17.660000;16.000000;4.870000,27.670000;33.750000;4.680000,-34.180000;25.389999;2.990000,1,1,0.3
-16.959999;15.300000;4.870000,27.670000;33.750000;4.680000,-34.180000;25.389999;2.990000,1,1,0.3
-16.959999;15.300000;4.870000,27.670000;33.750000;4.680000,-34.880001;26.090000;2.990000,1,9,0.3
-16.760000;16.500000;4.870000,26.969999;23.200001;4.680000,-33.680000;27.600000;2.990000,1,10,0.5
-17.260000;17.000000;4.870000,26.969999;23.200001;4.680000,-33.680000;27.600000;2.990000,1,9,0.5
-17.260000;17.000000;4.870000,27.469999;23.700001;4.680000,-33.680000;27.600000;2.990000,1,9,0.5
-16.760000;35.000000;4.870000,35.099998;32.349998;4.680000,-35.580002;28.100000;2.990000,1,9,0.7
-16.459999;34.700001;4.870000,35.099998;32.349998;4.680000,-35.580002;28.100000;2.990000,1,9,0.7
-16.760000;16.500000;4.870000,-36.500000;24.000000;4.680000,32.700001;27.100000;2.990000,1,9,0
-17.760000;15.500000;4.870000,-36.500000;24.000000;4.680000,32.700001;27.100000;2.990000,1,9,0
-18.760000;14.500000;4.870000,-36.500000;24.000000;4.680000,32.700001;27.100000;2.990000,1,9,0
-17.760000;13.500000;4.870000,-36.500000;24.000000;4.680000,32.700001;27.100000;2.990000,1,9,0
-4.900000;39.400002;4.870000,27.670000;32.349998;4.680000,-35.580002;10.100000;2.990000,1,9,0.3
-5.600000;38.700001;4.870000,27.670000;32.349998;4.680000,-35.580002;10.100000;2.990000,1,9,0.3
-5.600000;38.700001;4.870000,28.370001;33.049999;4.680000,-35.580002;10.100000;2.990000,1,1,0.3
-6.300000;38.000000;4.870000,28.370001;33.049999;4.680000,-35.580002;10.100000;2.990000,1,9,0.3
-16.760000;16.500000;4.870000,27.670000;32.349998;4.680000,-36.279999;27.400000;2.990000,1,9,0.3
-16.760000;16.500000;4.870000,27.670000;32.349998;4.680000,-36.980000;26.700001;2.990000,1,9,0.3
-16.059999;15.800000;4.870000,27.670000;32.349998;4.680000,-36.980000;26.700001;2.990000,1,9,0.3
-16.059999;15.800000;4.870000,28.370001;31.650000;4.680000,-36.980000;26.700001;2.990000,1,9,0.3
-16.959999;15.300000;4.870000,27.670000;33.750000;4.680000,-34.880001;26.090000;2.990000,1,9,0.3
-16.959999;15.300000;4.870000,26.969999;34.450001;4.680000,-34.880001;26.090000;2.990000,1,9,0.3
-16.260000;16.000000;4.870000,26.969999;34.450001;4.680000,-34.880001;26.090000;2.990000,1,9,0.3
-15.560000;16.700001;4.870000,26.969999;34.450001;4.680000,-34.880001;26.090000;2.990000,1,9,0.3
-23.600000;38.000000;4.870000,27.469999;23.700001;4.680000,-33.680000;27.600000;2.990000,1,9,0.5
-23.100000;38.500000;4.870000,27.469999;23.700001;4.680000,-33.680000;27.600000;2.990000,1,9,0.5
-22.600000;39.000000;4.870000,27.469999;23.700001;4.680000,-33.680000;27.600000;2.990000,1,9,0.5
-17.260000;17.000000;4.870000,28.370001;33.049999;4.680000,-35.580002;10.100000;2.990000,1,9,0.9
-17.360001;17.100000;4.870000,28.370001;33.049999;4.680000,-35.580002;10.100000;2.990000,1,9,0.9
13.800000;38.000000;4.870000,27.670000;33.750000;4.680000,-34.880001;26.090000;2.990000,1,10,0.3
14.500000;37.299999;4.870000,27.670000;33.750000;4.680000,-34.880001;26.090000;2.990000,1,9,0.3
15.200000;38.000000;4.870000,27.670000;33.750000;4.680000,-34.880001;26.090000;2.990000,1,9,0.3
14.500000;38.700001;4.870000,27.670000;33.750000;4.680000,-34.880001;26.090000;2.990000,1,9,0.3
-16.959999;15.300000;4.870000,28.370001;33.049999;4.680000,-35.580002;10.100000;2.990000,1,9,0.5
-17.459999;15.800000;4.870000,28.370001;33.049999;4.680000,-35.580002;10.100000;2.990000,1,1,0.5
-17.459999;15.800000;4.870000,27.870001;32.549999;4.680000,-35.580002;10.100000;2.990000,1,1,0.5
-16.059999;15.800000;4.870000,28.370001;31.650000;4.680000,-36.980000;26.700001;2.990000,1,9,0.3
-15.360000;15.100000;4.870000,28.370001;31.650000;4.680000,-36.980000;26.700001;2.990000,1,9,0.3
-16.059999;15.800000;4.870000,28.370001;31.650000;4.680000,-36.980000;26.700001;2.990000,1,10,0.3
-16.760000;16.500000;4.870000,28.370001;31.650000;4.680000,-36.980000;26.700001;2.990000,1,1,0.3
-15.560000;16.700001;4.870000,26.969999;34.450001;4.680000,-34.880001;26.090000;2.990000,1,9,0.3
-15.560000;16.700001;4.870000,26.270000;35.150002;4.680000,-34.880001;26.090000;2.990000,1,9,0.3
-14.860000;17.400000;4.870000,26.270000;35.150002;4.680000,-34.880001;26.090000;2.990000,1,9,0.3
-14.860000;17.400000;4.870000,26.270000;35.150002;4.680000,-34.180000;25.389999;2.990000,1,9,0.3
-17.459999;15.800000;4.870000,27.870001;32.549999;4.680000,-35.580002;10.100000;2.990000,1,9,0.3
-16.760000;16.500000;4.870000,27.870001;32.549999;4.680000,-35.580002;10.100000;2.990000,1,9,0.3
-17.459999;15.800000;4.870000,27.870001;32.549999;4.680000,-35.580002;10.100000;2.990000,1,1,0.3
-17.459999;15.800000;4.870000,27.170000;31.850000;4.680000,-35.580002;10.100000;2.990000,1,9,0.3
14.500000;38.700001;4.870000,27.670000;26.600000;4.680000,43.099998;26.090000;2.990000,1,9,0.5
14.500000;38.700001;4.870000,27.670000;26.600000;4.680000,42.599998;25.590000;2.990000,1,1,0.5
14.000000;38.200001;4.870000,27.670000;26.600000;4.680000,42.599998;25.590000;2.990000,1,10,0.5
38.900002;15.800000;4.870000,27.870001;32.549999;4.680000,-36.980000;26.700001;2.990000,1,9,0.3
38.200001;16.500000;4.870000,27.870001;32.549999;4.680000,-36.980000;26.700001;2.990000,1,9,0.3
38.900002;17.200001;4.870000,27.870001;32.549999;4.680000,-36.980000;26.700001;2.990000,1,9,0.3
38.200001;17.900000;4.870000,27.870001;32.549999;4.680000,-36.980000;26.700001;2.990000,1,9,0.3
-16.059999;15.800000;4.870000,13.600000;31.650000;4.680000,-35.580002;10.100000;2.990000,1,9,0.5
-16.059999;15.800000;4.870000,13.100000;31.150000;4.680000,-35.580002;10.100000;2.990000,1,9,0.5
-15.560000;16.299999;4.870000,13.100000;31.150000;4.680000,-35.580002;10.100000;2.990000,1,9,0.5
-16.760000;16.500000;4.870000,28.370001;31.650000;4.680000,-36.980000;26.700001;2.990000,1,9,0.3
-16.760000;16.500000;4.870000,29.070000;30.950001;4.680000,-36.980000;26.700001;2.990000,1,9,0.3
-16.059999;17.200001;4.870000,29.070000;30.950001;4.680000,-36.980000;26.700001;2.990000,1,9,0.3
-16.059999;17.200001;4.870000,29.770000;31.650000;4.680000,-36.980000;26.700001;2.990000,1,9,0.3
-14.860000;17.400000;4.870000,26.270000;35.150002;4.680000,-34.180000;25.389999;2.990000,1,10,0.3
-15.560000;18.100000;4.870000,26.270000;35.150002;4.680000,-34.180000;25.389999;2.990000,1,12,0.3
-16.260000;17.400000;4.870000,26.270000;35.150002;4.680000,-34.180000;25.389999;2.990000,1,9,0.3
-15.560000;16.700001;4.870000,26.270000;35.150002;4.680000,-34.180000;25.389999;2.990000,1,9,0.3
14.000000;38.200001;4.870000,27.670000;26.600000;4.680000,42.599998;4.700000;2.990000,1,9,0.3
14.000000;38.200001;4.870000,27.670000;26.600000;4.680000,41.900002;4.000000;2.990000,1,9,0.3
14.000000;38.200001;4.870000,28.370001;27.299999;4.680000,41.900002;4.000000;2.990000,1,1,0.3
14.000000;38.200001;4.870000,29.070000;26.600000;4.680000,41.900002;4.000000;2.990000,1,9,0.3
38.200001;17.900000;4.870000,29.100000;32.549999;4.680000,-36.980000;26.700001;2.990000,1,9,0.5
38.200001;17.900000;4.870000,28.600000;32.049999;4.680000,-36.980000;26.700001;2.990000,1,10,0.5
38.200001;17.900000;4.870000,28.100000;31.549999;4.680000,-36.980000;26.700001;2.990000,1,9,0.5
-15.560000;16.299999;4.870000,13.100000;31.150000;4.680000,-35.580002;10.100000;2.990000,1,9,0.3
-15.560000;16.299999;4.870000,13.100000;31.150000;4.680000,-34.880001;10.800000;2.990000,1,1,0.3
-16.260000;17.000000;4.870000,13.100000;31.150000;4.680000,-34.880001;10.800000;2.990000,1,9,0.3
-17.459999;34.799999;4.870000,27.170000;31.850000;4.680000,-35.580002;10.100000;2.990000,1,9,0.5
-16.959999;34.299999;4.870000,27.170000;31.850000;4.680000,-35.580002;10.100000;2.990000,1,9,0.5
-16.959999;34.299999;4.870000,27.170000;31.850000;4.680000,-36.080002;9.600000;2.990000,1,9,0.5
-16.059999;17.200001;4.870000,29.770000;31.650000;4.680000,-36.980000;26.700001;2.990000,1,1,0.3
-16.059999;17.200001;4.870000,29.070000;32.349998;4.680000,-36.980000;26.700001;2.990000,1,12,0.3
-16.059999;17.200001;4.870000,29.070000;32.349998;4.680000,-36.279999;26.000000;2.990000,1,9,0.3
-16.059999;17.200001;4.870000,29.070000;32.349998;4.680000,-35.580002;26.700001;2.990000,1,10,0.3
-15.560000;16.700001;4.870000,26.270000;35.150002;4.680000,-34.180000;25.389999;2.990000,1,9,0.3
-16.260000;16.000000;4.870000,26.270000;35.150002;4.680000,-34.180000;25.389999;2.990000,1,9,0.3
-16.260000;16.000000;4.870000,26.270000;35.150002;4.680000,-33.480000;26.090000;2.990000,1,10,0.3
-16.260000;16.000000;4.870000,26.969999;35.849998;4.680000,-33.480000;26.090000;2.990000,1,9,0.3
-16.059999;35.799999;4.870000,29.770000;31.650000;4.680000,-36.980000;26.700001;2.990000,1,1,0.5
-16.059999;35.799999;4.870000,30.270000;31.150000;4.680000,-36.980000;26.700001;2.990000,1,1,0.5
-15.560000;36.299999;4.870000,30.270000;31.150000;4.680000,-36.980000;26.700001;2.990000,1,9,0.5
-26.500000;34.299999;4.870000,27.170000;31.850000;4.680000,-36.080002;9.600000;2.990000,1,9,0.8
-26.500000;34.299999;4.870000,27.370001;31.650000;4.680000,-36.080002;9.600000;2.990000,1,9,0.8
14.000000;38.200001;4.870000,29.770000;31.650000;4.680000,-28.400000;26.700001;2.990000,1,10,0.3
14.000000;38.200001;4.870000,29.070000;30.950001;4.680000,-28.400000;26.700001;2.990000,1,9,0.3
14.700000;37.500000;4.870000,29.070000;30.950001;4.680000,-28.400000;26.700001;2.990000,1,9,0.3
14.700000;37.500000;4.870000,29.070000;30.950001;4.680000,-29.100000;27.400000;2.990000,1,10,0.3
-16.059999;17.200001;4.870000,29.070000;41.299999;4.680000,41.900002;4.000000;2.990000,1,9,0.7
-16.360001;17.500000;4.870000,29.070000;41.299999;4.680000,41.900002;4.000000;2.990000,1,12,0.7
-16.059999;17.200001;4.870000,29.070000;32.349998;4.680000,-35.580002;26.700001;2.990000,1,9,0.3
-15.360000;16.500000;4.870000,29.070000;32.349998;4.680000,-35.580002;26.700001;2.990000,1,1,0.3
-15.360000;16.500000;4.870000,29.070000;32.349998;4.680000,-36.279999;27.400000;2.990000,1,12,0.3
-14.660000;17.200001;4.870000,29.070000;32.349998;4.680000,-36.279999;27.400000;2.990000,1,9,0.3
-16.260000;16.000000;4.870000,26.969999;35.849998;4.680000,-33.480000;26.090000;2.990000,1,9,0.3
-16.260000;16.000000;4.870000,26.270000;36.549999;4.680000,-33.480000;26.090000;2.990000,1,9,0.3
-16.260000;16.000000;4.870000,26.270000;36.549999;4.680000,-32.779999;26.790001;2.990000,1,9,0.3
-16.260000;16.000000;4.870000,25.570000;37.250000;4.680000,-32.779999;26.790001;2.990000,1,9,0.3
-16.260000;16.000000;4.870000,26.969999;35.849998;4.680000,-33.480000;36.500000;2.990000,1,9,0.5
-15.760000;15.500000;4.870000,26.969999;35.849998;4.680000,-33.480000;36.500000;2.990000,1,1,0.5
-16.260000;16.000000;4.870000,26.969999;35.849998;4.680000,-33.480000;36.500000;2.990000,1,10,0.5
-15.560000;36.299999;4.870000,30.270000;31.150000;4.680000,-36.980000;26.700001;2.990000,1,9,0.7
-15.860000;36.599998;4.870000,30.270000;31.150000;4.680000,-36.980000;26.700001;2.990000,1,9,0.7
14.700000;37.500000;4.870000,29.070000;30.950001;4.680000,-33.480000;26.090000;2.990000,1,9,0.6
14.700000;37.500000;4.870000,29.070000;30.950001;4.680000,-33.880001;25.690001;2.990000,1,9,0.6
-16.260000;16.000000;4.870000,26.969999;35.849998;4.680000,-23.700001;-5.500000;2.990000,1,9,0.3
-16.959999;16.700001;4.870000,26.969999;35.849998;4.680000,-23.700001;-5.500000;2.990000,1,1,0.3
-16.959999;16.700001;4.870000,26.270000;36.549999;4.680000,-23.700001;-5.500000;2.990000,1,9,0.3
-16.959999;16.700001;4.870000,26.270000;36.549999;4.680000,-23.000000;-4.800000;2.990000,1,9,0.3
-14.660000;17.200001;4.870000,29.070000;32.349998;4.680000,-36.279999;27.400000;2.990000,1,9,0.3
-14.660000;17.200001;4.870000,29.770000;31.650000;4.680000,-36.279999;27.400000;2.990000,1,9,0.3
-15.360000;17.900000;4.870000,29.770000;31.650000;4.680000,-36.279999;27.400000;2.990000,1,12,0.3
-14.660000;17.200001;4.870000,29.770000;31.650000;4.680000,-36.279999;27.400000;2.990000,1,12,0.3
-16.260000;16.000000;4.870000,25.570000;37.250000;4.680000,-32.779999;26.790001;2.990000,1,9,0.3
-16.260000;16.000000;4.870000,25.570000;37.250000;4.680000,-32.080002;27.490000;2.990000,1,1,0.3
-16.260000;16.000000;4.870000,26.270000;37.950001;4.680000,-32.080002;27.490000;2.990000,1,9,0.3
-16.260000;16.000000;4.870000,25.570000;38.650002;4.680000,-32.080002;27.490000;2.990000,1,9,0.3
-14.660000;17.200001;4.870000,-8.100000;32.349998;4.680000,-36.279999;27.400000;2.990000,1,9,0.2
-14.660000;17.200001;4.870000,29.070000;32.349998;4.680000,-36.279999;28.299999;2.990000,1,1,0.1
-14.660000;17.200001;4.870000,29.070000;32.349998;4.680000,-37.180000;29.200001;2.990000,1,9,0.1
-15.560000;18.100000;4.870000,29.070000;32.349998;4.680000,-37.180000;29.200001;2.990000,1,12,0.1
-15.560000;18.100000;4.870000,29.070000;32.349998;4.680000,-38.080002;30.100000;2.990000,1,12,0.1
-15.560000;18.100000;4.870000,29.070000;32.349998;4.680000,-38.980000;29.200001;2.990000,1,12,0.1
-14.660000;17.200001;4.870000,29.070000;32.349998;4.680000,-32.779999;26.790001;2.990000,1,9,0.1
-14.660000;17.200001;4.870000,29.070000;32.349998;4.680000,-33.680000;27.690001;2.990000,1,1,0.1
-14.660000;17.200001;4.870000,29.070000;32.349998;4.680000,-34.580002;28.590000;2.990000,1,9,0.1
-15.560000;18.100000;4.870000,29.070000;32.349998;4.680000,-34.580002;28.590000;2.990000,1,12,0.1
-15.560000;18.100000;4.870000,29.070000;32.349998;4.680000,-33.680000;29.490000;2.990000,1,12,0.1
-16.260000;16.000000;4.870000,28.299999;37.250000;4.680000,-36.279999;27.400000;2.990000,1,9,0.6
-15.860000;15.600000;4.870000,28.299999;37.250000;4.680000,-36.279999;27.400000;2.990000,1,9,0.6
-15.560000;18.100000;4.870000,29.070000;32.349998;4.680000,-38.980000;29.200001;2.990000,1,12,0.1
-16.459999;19.000000;4.870000,29.070000;32.349998;4.680000,-38.980000;29.200001;2.990000,1,12,0.1
-16.459999;19.000000;4.870000,29.070000;32.349998;4.680000,-38.080002;30.100000;2.990000,1,12,0.1
-16.459999;19.000000;4.870000,28.170000;31.450001;4.680000,-38.080002;30.100000;2.990000,1,12,0.1
-16.459999;19.000000;4.870000,27.270000;32.349998;4.680000,-38.080002;30.100000;2.990000,1,12,0.1
-15.560000;18.100000;4.870000,29.070000;32.349998;4.680000,-33.680000;29.490000;2.990000,1,12,0.1
-16.459999;19.000000;4.870000,29.070000;32.349998;4.680000,-33.680000;29.490000;2.990000,1,12,0.1
-16.459999;19.000000;4.870000,29.070000;32.349998;4.680000,-34.580002;28.590000;2.990000,1,12,0.1
-15.560000;18.100000;4.870000,29.070000;32.349998;4.680000,-34.580002;28.590000;2.990000,1,12,0.1
-15.560000;18.100000;4.870000,29.070000;32.349998;4.680000,-35.480000;27.690001;2.990000,1,12,0.1
-16.260000;16.000000;4.870000,19.600000;32.349998;4.680000,-33.680000;29.490000;2.990000,1,9,0.8
-16.260000;16.000000;4.870000,19.600000;32.349998;4.680000,-33.480000;29.690001;2.990000,1,9,0.8
9.200000;23.100000;4.870000,25.570000;38.650002;4.680000,-32.080002;27.490000;2.990000,1,12,0.3
9.200000;23.100000;4.870000,26.270000;39.349998;4.680000,-32.080002;27.490000;2.990000,1,12,0.3
9.200000;23.100000;4.870000,26.270000;39.349998;4.680000,-31.379999;28.190001;2.990000,1,12,0.3
9.200000;23.100000;4.870000,26.969999;38.650002;4.680000,-31.379999;28.190001;2.990000,1,10,0.3
-14.660000;17.200001;4.870000,29.770000;33.400002;4.680000,-38.980000;29.200001;2.990000,1,9,0.4
-14.660000;17.200001;4.870000,29.170000;32.799999;4.680000,-38.980000;29.200001;2.990000,1,9,0.4
-14.660000;17.200001;4.870000,28.570000;33.400002;4.680000,-38.980000;29.200001;2.990000,1,1,0.4
-15.560000;18.100000;4.870000,29.070000;32.349998;4.680000,-36.279999;27.400000;2.990000,1,12,0.8
-15.560000;18.100000;4.870000,29.270000;32.549999;4.680000,-36.279999;27.400000;2.990000,1,12,0.8
-16.459999;19.000000;4.870000,27.270000;32.349998;4.680000,-38.080002;30.100000;2.990000,1,12,0.1
-15.560000;18.100000;4.870000,27.270000;32.349998;4.680000,-38.080002;30.100000;2.990000,1,12,0.1
-15.560000;18.100000;4.870000,27.270000;32.349998;4.680000,-38.980000;31.000000;2.990000,1,12,0.1
-15.560000;18.100000;4.870000,27.270000;32.349998;4.680000,-39.880001;30.100000;2.990000,1,12,0.1
-14.660000;17.200001;4.870000,27.270000;32.349998;4.680000,-39.880001;30.100000;2.990000,1,9,0.1
-15.560000;18.100000;4.870000,29.070000;32.349998;4.680000,-35.480000;27.690001;2.990000,1,12,0.1
-15.560000;18.100000;4.870000,28.170000;31.450001;4.680000,-35.480000;27.690001;2.990000,1,12,0.1
-15.560000;18.100000;4.870000,28.170000;31.450001;4.680000,-34.580002;26.790001;2.990000,1,12,0.1
-15.560000;18.100000;4.870000,27.270000;32.349998;4.680000,-34.580002;26.790001;2.990000,1,12,0.1
-15.560000;18.100000;4.870000,28.170000;31.450001;4.680000,-34.580002;26.790001;2.990000,1,12,0.1
-15.560000;31.400000;4.870000,27.270000;32.349998;4.680000,-38.080002;30.100000;2.990000,1,12,0.5
-16.059999;31.900000;4.870000,27.270000;32.349998;4.680000,-38.080002;30.100000;2.990000,1,12,0.5
-16.059999;31.900000;4.870000,27.270000;32.349998;4.680000,-37.580002;29.600000;2.990000,1,12,0.5
16.600000;19.000000;4.870000,29.270000;25.600000;4.680000,-36.279999;27.400000;2.990000,1,12,0.8
16.600000;19.000000;4.870000,29.070000;25.400000;4.680000,-36.279999;27.400000;2.990000,1,12,0.8
-16.459999;19.000000;4.870000,27.270000;32.349998;4.680000,-38.080002;30.100000;2.990000,1,12,1
-16.459999;19.000000;4.870000,27.270000;32.349998;4.680000,-38.080002;30.100000;2.990000,1,12,1
-14.660000;17.200001;4.870000,27.270000;32.349998;4.680000,-39.880001;30.100000;2.990000,1,9,0.1
-14.660000;17.200001;4.870000,27.270000;32.349998;4.680000,-38.980000;31.000000;2.990000,1,9,0.1
-13.760000;18.100000;4.870000,27.270000;32.349998;4.680000,-38.980000;31.000000;2.990000,1,12,0.1
-12.860000;19.000000;4.870000,27.270000;32.349998;4.680000,-38.980000;31.000000;2.990000,1,12,0.1
-12.860000;19.000000;4.870000,27.270000;32.349998;4.680000,-39.880001;31.900000;2.990000,1,12,0.1
-15.560000;18.100000;4.870000,28.170000;31.450001;4.680000,-34.580002;26.790001;2.990000,1,12,0.1
-15.560000;18.100000;4.870000,27.270000;32.349998;4.680000,-34.580002;26.790001;2.990000,1,12,0.1
-15.560000;18.100000;4.870000,28.170000;33.250000;4.680000,-34.580002;26.790001;2.990000,1,12,0.1
-15.560000;18.100000;4.870000,29.070000;34.150002;4.680000,-34.580002;26.790001;2.990000,1,12,0.1
-15.560000;18.100000;4.870000,29.070000;34.150002;4.680000,-35.480000;25.889999;2.990000,1,12,0.1
-16.059999;31.900000;4.870000,27.270000;32.349998;4.680000,-32.500000;29.600000;2.990000,1,12,1
25.799999;18.100000;4.870000,28.170000;31.450001;4.680000,-34.580002;26.790001;2.990000,1,10,1
-14.660000;17.200001;4.870000,27.270000;32.349998;4.680000,-34.580002;26.790001;2.990000,1,12,0.1
-14.660000;17.200001;4.870000,28.170000;31.450001;4.680000,-34.580002;26.790001;2.990000,1,9,0.1
-14.660000;17.200001;4.870000,28.170000;31.450001;4.680000,-34.580002;26.790001;2.990000,1,12,0.1
-13.760000;18.100000;4.870000,28.170000;31.450001;4.680000,-34.580002;26.790001;2.990000,1,12,0.1
-15.560000;18.100000;4.870000,28.170000;31.450001;4.680000,-39.880001;13.900000;2.990000,1,12,0.1
-14.660000;17.200001;4.870000,28.170000;31.450001;4.680000,-39.880001;13.900000;2.990000,1,12,0.1
-14.660000;17.200001;4.870000,28.170000;31.450001;4.680000,-38.980000;13.000000;2.990000,1,9,0.1
-12.860000;19.000000;4.870000,27.270000;32.349998;4.680000,-39.880001;31.900000;2.990000,1,12,0.1
-13.760000;18.100000;4.870000,27.270000;32.349998;4.680000,-39.880001;31.900000;2.990000,1,12,0.1
-13.760000;18.100000;4.870000,27.270000;32.349998;4.680000,-40.779999;32.799999;2.990000,1,12,0.1
-14.660000;19.000000;4.870000,27.270000;32.349998;4.680000,-40.779999;32.799999;2.990000,1,12,0.1
-14.660000;19.000000;4.870000,27.270000;32.349998;4.680000,-41.680000;33.700001;2.990000,1,12,0.1
-15.560000;18.100000;4.870000,29.070000;34.150002;4.680000,-35.480000;25.889999;2.990000,1,12,0.1
-15.560000;18.100000;4.870000,29.070000;34.150002;4.680000,-34.580002;24.990000;2.990000,1,12,0.1
-15.560000;18.100000;4.870000,29.070000;34.150002;4.680000,-33.680000;25.889999;2.990000,1,12,0.1
-15.560000;18.100000;4.870000,29.969999;35.049999;4.680000,-33.680000;25.889999;2.990000,1,12,0.1
-15.560000;18.100000;4.870000,29.969999;35.049999;4.680000,-32.779999;26.790001;2.990000,1,12,0.1
-13.760000;18.100000;4.870000,28.170000;31.450001;4.680000,-35.480000;25.889999;2.990000,1,12,0.9
-13.760000;18.100000;4.870000,28.170000;31.450001;4.680000,-35.580002;25.990000;2.990000,1,12,0.9
-15.560000;18.100000;4.870000,29.070000;34.150002;4.680000,-34.580002;26.790001;2.990000,1,12,0.5
-15.560000;18.100000;4.870000,29.070000;34.150002;4.680000,-34.080002;26.290001;2.990000,1,12,0.5
-15.560000;18.100000;4.870000,29.570000;34.650002;4.680000,-34.080002;26.290001;2.990000,1,12,0.5
-13.760000;18.100000;4.870000,28.170000;31.450001;4.680000,-34.580002;9.100000;2.990000,1,12,0
-21.799999;18.100000;4.870000,28.170000;31.450001;4.680000,-34.580002;26.790001;2.990000,1,9,0.1
-22.700001;19.000000;4.870000,28.170000;31.450001;4.680000,-34.580002;26.790001;2.990000,1,9,0.1
-21.799999;18.100000;4.870000,28.170000;31.450001;4.680000,-34.580002;26.790001;2.990000,1,9,0.1
-21.799999;18.100000;4.870000,29.070000;32.349998;4.680000,-34.580002;26.790001;2.990000,1,1,0.1
-20.900000;17.200001;4.870000,29.070000;32.349998;4.680000,-34.580002;26.790001;2.990000,1,9,0.1
-14.660000;19.000000;4.870000,27.270000;32.349998;4.680000,-41.680000;33.700001;2.990000,1,12,0.1
-13.760000;19.900000;4.870000,27.270000;32.349998;4.680000,-41.680000;33.700001;2.990000,1,12,0.1
-13.760000;19.900000;4.870000,28.170000;33.250000;4.680000,-41.680000;33.700001;2.990000,1,12,0.1
-13.760000;19.900000;4.870000,29.070000;32.349998;4.680000,-41.680000;33.700001;2.990000,1,12,0.1
-13.760000;19.900000;4.870000,29.969999;33.250000;4.680000,-41.680000;33.700001;2.990000,1,12,0.1
-15.560000;18.100000;4.870000,29.969999;35.049999;4.680000,-32.779999;26.790001;2.990000,1,12,0.1
-14.660000;19.000000;4.870000,29.969999;35.049999;4.680000,-32.779999;26.790001;2.990000,1,12,0.1
-14.660000;19.000000;4.870000,30.870001;35.950001;4.680000,-32.779999;26.790001;2.990000,1,12,0.1
-14.660000;19.000000;4.870000,30.870001;35.950001;4.680000,-31.879999;27.690001;2.990000,1,12,0.1
-14.660000;19.000000;4.870000,30.870001;35.950001;4.680000,-30.980000;26.790001;2.990000,1,12,0.1
-15.560000;18.100000;4.870000,-11.000000;35.049999;4.680000,-34.580002;26.790001;2.990000,1,12,0.6
-15.960000;17.700001;4.870000,-11.000000;35.049999;4.680000,-34.580002;26.790001;2.990000,1,12,0.6
-20.900000;17.200001;4.870000,29.070000;32.349998;4.680000,-32.779999;26.790001;2.990000,1,9,0.6
-21.299999;16.799999;4.870000,29.070000;32.349998;4.680000,-32.779999;26.790001;2.990000,1,9,0.6
-15.560000;18.100000;4.870000,27.270000;32.349998;4.680000,15.300000;33.700001;2.990000,1,12,0.1
-16.459999;19.000000;4.870000,27.270000;32.349998;4.680000,15.300000;33.700001;2.990000,1,12,0.1
-17.360001;19.900000;4.870000,27.270000;32.349998;4.680000,15.300000;33.700001;2.990000,1,12,0.1
-17.360001;19.900000;4.870000,28.170000;31.450001;4.680000,15.300000;33.700001;2.990000,1,12,0.1
-17.360001;19.900000;4.870000,28.170000;31.450001;4.680000,16.200001;34.599998;2.990000,1,12,0.1
-14.660000;19.000000;4.870000,29.969999;35.049999;4.680000,-32.779999;26.790001;2.990000,1,12,0.1
-14.660000;19.000000;4.870000,29.070000;34.150002;4.680000,-32.779999;26.790001;2.990000,1,12,0.1
-14.660000;19.000000;4.870000,29.070000;34.150002;4.680000,-33.680000;25.889999;2.990000,1,12,0.1
-15.560000;18.100000;4.870000,29.070000;34.150002;4.680000,-33.680000;25.889999;2.990000,1,12,0.1
-15.560000;18.100000;4.870000,29.070000;34.150002;4.680000,-34.580002;26.790001;2.990000,1,12,0.1
-13.760000;19.900000;4.870000,29.969999;33.250000;4.680000,-41.680000;33.700001;2.990000,1,12,0.1
-14.660000;19.000000;4.870000,30.870001;35.950001;4.680000,-30.980000;26.790001;2.990000,1,12,0.1
-14.660000;19.000000;4.870000,30.870001;35.950001;4.680000,-31.879999;27.690001;2.990000,1,12,0.1
-13.760000;19.900000;4.870000,30.870001;35.950001;4.680000,-31.879999;27.690001;2.990000,1,12,0.1
-13.760000;19.900000;4.870000,29.969999;33.250000;4.680000,-41.680000;33.700001;2.990000,1,12,0.6
-13.760000;19.900000;4.870000,30.370001;32.849998;4.680000,-41.680000;33.700001;2.990000,1,12,0.6
-15.700000;19.900000;4.870000,28.170000;31.450001;4.680000,16.200001;20.799999;2.990000,1,12,0.1
-15.700000;19.900000;4.870000,29.070000;30.549999;4.680000,16.200001;20.799999;2.990000,1,12,0.1
-14.800000;19.000000;4.870000,29.070000;30.549999;4.680000,16.200001;20.799999;2.990000,1,12,0.1
-14.800000;19.000000;4.870000,28.170000;31.450001;4.680000,16.200001;20.799999;2.990000,1,12,0.1
-14.800000;19.000000;4.870000,29.070000;32.349998;4.680000,16.200001;20.799999;2.990000,1,12,0.1
-15.560000;43.599998;4.870000,29.070000;34.150002;4.680000,-35.200001;34.599998;2.990000,1,9,0.1
-14.660000;44.500000;4.870000,29.070000;34.150002;4.680000,-35.200001;34.599998;2.990000,1,9,0.1
-14.660000;44.500000;4.870000,29.070000;34.150002;4.680000,-34.299999;35.500000;2.990000,1,9,0.1
-14.660000;44.500000;4.870000,29.070000;34.150002;4.680000,-35.200001;36.400002;2.990000,1,9,0.1
-13.760000;43.599998;4.870000,29.070000;34.150002;4.680000,-35.200001;36.400002;2.990000,1,10,0.1
-17.360001;-12.900000;4.870000,28.170000;31.450001;4.680000,-34.580002;26.790001;2.990000,1,9,0.1
-17.360001;-12.900000;4.870000,29.070000;32.349998;4.680000,-34.580002;26.790001;2.990000,1,9,0.1
-17.360001;-12.900000;4.870000,29.070000;32.349998;4.680000,-35.480000;27.690001;2.990000,1,9,0.1
-18.260000;-13.800000;4.870000,29.070000;32.349998;4.680000,-35.480000;27.690001;2.990000,1,9,0.1
-18.260000;-13.800000;4.870000,28.170000;33.250000;4.680000,-35.480000;27.690001;2.990000,1,9,0.1
-14.800000;19.000000;4.870000,29.070000;32.349998;4.680000,16.200001;20.799999;2.990000,1,12,0.1
-14.800000;19.000000;4.870000,29.070000;32.349998;4.680000,17.100000;19.900000;2.990000,1,12,0.1
-14.800000;19.000000;4.870000,28.170000;33.250000;4.680000,17.100000;19.900000;2.990000,1,12,0.1
-13.900000;18.100000;4.870000,28.170000;33.250000;4.680000,17.100000;19.900000;2.990000,1,12,0.1
-13.900000;18.100000;4.870000,29.070000;32.349998;4.680000,17.100000;19.900000;2.990000,1,12,0.1
-13.760000;43.599998;4.870000,29.070000;34.150002;4.680000,-35.200001;36.400002;2.990000,1,9,0.1
-13.760000;43.599998;4.870000,29.070000;34.150002;4.680000,-36.099998;37.299999;2.990000,1,9,0.1
-13.760000;43.599998;4.870000,28.170000;35.049999;4.680000,-36.099998;37.299999;2.990000,1,9,0.1
-13.760000;43.599998;4.870000,27.270000;34.150002;4.680000,-36.099998;37.299999;2.990000,1,9,0.1
-14.660000;42.700001;4.870000,27.270000;34.150002;4.680000,-36.099998;37.299999;2.990000,1,9,0.1
-18.200001;19.000000;4.870000,29.070000;32.349998;4.680000,-35.480000;27.690001;2.990000,1,12,0.1
-18.200001;19.000000;4.870000,29.070000;32.349998;4.680000,-36.380001;26.790001;2.990000,1,12,0.1
-19.100000;18.100000;4.870000,29.070000;32.349998;4.680000,-36.380001;26.790001;2.990000,1,12,0.1
-20.000000;19.000000;4.870000,29.070000;32.349998;4.680000,-36.380001;26.790001;2.990000,1,12,0.1
-20.000000;19.000000;4.870000,28.170000;33.250000;4.680000,-36.380001;26.790001;2.990000,1,12,0.1
-18.260000;-13.800000;4.870000,28.170000;24.200001;4.680000,-25.200001;20.799999;2.990000,1,10,0.1
-17.360001;-12.900000;4.870000,28.170000;24.200001;4.680000,-25.200001;20.799999;2.990000,1,9,0.1
-17.360001;-12.900000;4.870000,29.070000;23.299999;4.680000,-25.200001;20.799999;2.990000,1,9,0.1
-18.260000;-13.800000;4.870000,29.070000;23.299999;4.680000,-25.200001;20.799999;2.990000,1,9,0.1
-18.260000;-13.800000;4.870000,29.070000;23.299999;4.680000,-24.299999;21.700001;2.990000,1,9,0.1
-42.500000;19.900000;4.870000,30.370001;32.849998;4.680000,-41.680000;33.700001;2.990000,1,9,0.5
-43.000000;20.400000;4.870000,30.370001;32.849998;4.680000,-41.680000;33.700001;2.990000,1,9,0.5
-43.500000;19.900000;4.870000,30.370001;32.849998;4.680000,-41.680000;33.700001;2.990000,1,9,0.5
-13.760000;19.900000;4.870000,30.370001;32.849998;4.680000,-41.680000;33.700001;2.990000,1,12,0.6
-13.760000;19.900000;4.870000,29.969999;32.450001;4.680000,-41.680000;33.700001;2.990000,1,12,0.6
-13.900000;18.100000;4.870000,29.070000;32.349998;4.680000,17.100000;19.900000;2.990000,1,12,0.1
-13.900000;18.100000;4.870000,29.070000;32.349998;4.680000,18.000000;19.000000;2.990000,1,12,0.1
-13.900000;18.100000;4.870000,29.070000;32.349998;4.680000,18.900000;19.900000;2.990000,1,12,0.1
-13.900000;18.100000;4.870000,29.070000;32.349998;4.680000,18.000000;20.799999;2.990000,1,12,0.1
-13.000000;19.000000;4.870000,29.070000;32.349998;4.680000,18.000000;20.799999;2.990000,1,12,0.1
-14.660000;42.700001;4.870000,27.270000;34.150002;4.680000,-36.099998;37.299999;2.990000,1,9,0.1
-15.560000;41.799999;4.870000,27.270000;34.150002;4.680000,-36.099998;37.299999;2.990000,1,1,0.1
-15.560000;41.799999;4.870000,28.170000;35.049999;4.680000,-36.099998;37.299999;2.990000,1,9,0.1
-15.560000;41.799999;4.870000,28.170000;35.049999;4.680000,-35.200001;36.400002;2.990000,1,1,0.1
-15.560000;41.799999;4.870000,28.170000;35.049999;4.680000,-34.299999;35.500000;2.990000,1,9,0.1
-43.500000;19.900000;4.870000,27.270000;37.799999;4.680000,-36.099998;37.299999;2.990000,1,9,0.1
-43.500000;19.900000;4.870000,26.370001;38.700001;4.680000,-36.099998;37.299999;2.990000,1,9,0.1
-44.400002;20.799999;4.870000,26.370001;38.700001;4.680000,-36.099998;37.299999;2.990000,1,1,0.1
-44.400002;20.799999;4.870000,26.370001;38.700001;4.680000,-37.000000;36.400002;2.990000,1,9,0.1
-44.400002;20.799999;4.870000,27.270000;37.799999;4.680000,-37.000000;36.400002;2.990000,1,9,0.1
-14.660000;37.500000;4.870000,30.370001;32.849998;4.680000,-41.680000;33.700001;2.990000,1,9,0.5
-15.160000;38.000000;4.870000,30.370001;32.849998;4.680000,-41.680000;33.700001;2.990000,1,9,0.5
-15.660000;38.500000;4.870000,30.370001;32.849998;4.680000,-41.680000;33.700001;2.990000,1,9,0.5
-20.000000;19.000000;4.870000,33.000000;33.250000;4.680000,-36.099998;37.299999;2.990000,1,12,0.7
-20.299999;18.700001;4.870000,33.000000;33.250000;4.680000,-36.099998;37.299999;2.990000,1,9,0.7
-14.660000;42.700001;4.870000,27.270000;34.150002;4.680000,-36.380001;26.790001;2.990000,1,9,1
-13.000000;19.000000;4.870000,29.070000;32.349998;4.680000,18.000000;20.799999;2.990000,1,12,0.1
-13.000000;19.000000;4.870000,28.170000;33.250000;4.680000,18.000000;20.799999;2.990000,1,12,0.1
-13.000000;19.000000;4.870000,28.170000;33.250000;4.680000,18.900000;19.900000;2.990000,1,12,0.1
-12.100000;18.100000;4.870000,28.170000;33.250000;4.680000,18.900000;19.900000;2.990000,1,12,0.1
-12.100000;18.100000;4.870000,27.270000;32.349998;4.680000,18.900000;19.900000;2.990000,1,12,0.1
-15.560000;41.799999;4.870000,28.170000;35.049999;4.680000,-34.299999;35.500000;2.990000,1,9,0.1
-15.560000;41.799999;4.870000,28.170000;35.049999;4.680000,-35.200001;34.599998;2.990000,1,9,0.1
-15.560000;41.799999;4.870000,28.170000;35.049999;4.680000,-34.299999;33.700001;2.990000,1,1,0.1
-15.560000;41.799999;4.870000,29.070000;34.150002;4.680000,-34.299999;33.700001;2.990000,1,9,0.1
-15.560000;41.799999;4.870000,29.070000;34.150002;4.680000,-35.200001;32.799999;2.990000,1,9,0.1
-44.400002;20.799999;4.870000,24.600000;37.799999;4.680000,-37.000000;36.400002;2.990000,1,1,0.3
-43.700001;20.100000;4.870000,24.600000;37.799999;4.680000,-37.000000;36.400002;2.990000,1,9,0.3
-44.400002;19.400000;4.870000,24.600000;37.799999;4.680000,-37.000000;36.400002;2.990000,1,9,0.3
-44.400002;19.400000;4.870000,25.299999;37.099998;4.680000,-37.000000;36.400002;2.990000,1,1,0.3
-15.660000;38.500000;4.870000,30.370001;32.849998;4.680000,-41.680000;33.700001;2.990000,1,9,0.1
-16.559999;37.599998;4.870000,30.370001;32.849998;4.680000,-41.680000;33.700001;2.990000,1,1,0.1
-16.559999;37.599998;4.870000,31.270000;31.950001;4.680000,-41.680000;33.700001;2.990000,1,9,0.1
-17.459999;38.500000;4.870000,31.270000;31.950001;4.680000,-41.680000;33.700001;2.990000,1,9,0.1
-17.459999;38.500000;4.870000,31.270000;31.950001;4.680000,-40.779999;34.599998;2.990000,1,9,0.1
-44.400002;24.700001;4.870000,27.270000;37.799999;4.680000,18.000000;20.799999;2.990000,1,14,0
-44.400002;24.700001;4.870000,28.270000;38.799999;4.680000,18.000000;20.799999;2.990000,1,14,0
-44.400002;24.700001;4.870000,27.270000;37.799999;4.680000,18.000000;20.799999;2.990000,1,14,0
-45.400002;25.700001;4.870000,27.270000;37.799999;4.680000,18.000000;20.799999;2.990000,1,14,0
-44.400002;26.700001;4.870000,27.270000;37.799999;4.680000,18.000000;20.799999;2.990000,1,14,0
-13.000000;19.000000;4.870000,29.070000;32.349998;4.680000,-37.000000;36.400002;2.990000,1,12,0.1
-12.100000;18.100000;4.870000,29.070000;32.349998;4.680000,-37.000000;36.400002;2.990000,1,12,0.1
-12.100000;18.100000;4.870000,29.070000;32.349998;4.680000,-36.099998;37.299999;2.990000,1,12,0.1
-12.100000;18.100000;4.870000,29.070000;32.349998;4.680000,-35.200001;36.400002;2.990000,1,12,0.1
-12.100000;18.100000;4.870000,29.969999;33.250000;4.680000,-35.200001;36.400002;2.990000,1,12,0.1
-12.100000;18.100000;4.870000,27.270000;32.349998;4.680000,18.900000;19.900000;2.990000,1,12,0.1
-12.100000;18.100000;4.870000,28.170000;33.250000;4.680000,18.900000;19.900000;2.990000,1,12,0.1
-12.100000;18.100000;4.870000,29.070000;32.349998;4.680000,18.900000;19.900000;2.990000,1,12,0.1
-12.100000;18.100000;4.870000,29.969999;33.250000;4.680000,18.900000;19.900000;2.990000,1,12,0.1
-12.100000;18.100000;4.870000,29.969999;33.250000;4.680000,18.000000;19.000000;2.990000,1,12,0.1
-15.560000;41.799999;4.870000,29.070000;34.150002;4.680000,-35.200001;32.799999;2.990000,1,10,0.1
-15.560000;41.799999;4.870000,29.969999;33.250000;4.680000,-35.200001;32.799999;2.990000,1,9,0.1
-16.459999;40.900002;4.870000,29.969999;33.250000;4.680000,-35.200001;32.799999;2.990000,1,9,0.1
-15.560000;40.000000;4.870000,29.969999;33.250000;4.680000,-35.200001;32.799999;2.990000,1,9,0.1
-16.459999;40.900002;4.870000,29.969999;33.250000;4.680000,-35.200001;32.799999;2.990000,1,9,0.1
-22.500000;38.500000;4.870000,31.270000;43.700001;4.680000,-40.779999;34.599998;2.990000,1,9,0.1
-22.500000;38.500000;4.870000,31.270000;43.700001;4.680000,-41.680000;33.700001;2.990000,1,9,0.1
-21.600000;39.400002;4.870000,31.270000;43.700001;4.680000,-41.680000;33.700001;2.990000,1,9,0.1
-22.500000;38.500000;4.870000,31.270000;43.700001;4.680000,-41.680000;33.700001;2.990000,1,9,0.1
-22.500000;38.500000;4.870000,30.370001;42.799999;4.680000,-41.680000;33.700001;2.990000,1,9,0.1
-15.560000;41.799999;4.870000,29.070000;34.150002;4.680000,-35.200001;-2.900000;2.990000,1,9,0.1
-15.560000;41.799999;4.870000,28.170000;35.049999;4.680000,-35.200001;-2.900000;2.990000,1,9,0.1
-15.560000;41.799999;4.870000,27.270000;34.150002;4.680000,-35.200001;-2.900000;2.990000,1,9,0.1
-15.560000;41.799999;4.870000,27.270000;34.150002;4.680000,-34.299999;-2.000000;2.990000,1,9,0.1
-16.459999;42.700001;4.870000,27.270000;34.150002;4.680000,-34.299999;-2.000000;2.990000,1,9,0.1
-17.459999;19.500000;4.870000,31.270000;31.950001;4.680000,-40.779999;34.599998;2.990000,1,12,0.1
-18.360001;20.400000;4.870000,31.270000;31.950001;4.680000,-40.779999;34.599998;2.990000,1,12,0.1
-19.260000;21.299999;4.870000,31.270000;31.950001;4.680000,-40.779999;34.599998;2.990000,1,12,0.1
-19.260000;21.299999;4.870000,30.370001;31.049999;4.680000,-40.779999;34.599998;2.990000,1,12,0.1
-19.260000;21.299999;4.870000,29.469999;31.950001;4.680000,-40.779999;34.599998;2.990000,1,12,0.1
-3.400000;26.700001;4.870000,27.270000;41.299999;4.680000,18.000000;20.799999;2.990000,1,12,0.1
-3.400000;26.700001;4.870000,27.270000;41.299999;4.680000,18.900000;21.700001;2.990000,1,12,0.1
-4.300000;25.799999;4.870000,27.270000;41.299999;4.680000,18.900000;21.700001;2.990000,1,12,0.1
-5.200000;24.900000;4.870000,27.270000;41.299999;4.680000,18.900000;21.700001;2.990000,1,12,0.1
-5.200000;24.900000;4.870000,27.270000;41.299999;4.680000,19.799999;22.600000;2.990000,1,12,0.1
-12.100000;18.100000;4.870000,29.969999;33.250000;4.680000,18.000000;19.000000;2.990000,1,12,0.1
-12.100000;18.100000;4.870000,30.870001;32.349998;4.680000,18.000000;19.000000;2.990000,1,12,0.1
-12.100000;18.100000;4.870000,30.870001;32.349998;4.680000,17.100000;18.100000;2.990000,1,12,0.1
-12.100000;18.100000;4.870000,30.870001;32.349998;4.680000,16.200001;17.200001;2.990000,1,12,0.1
-12.100000;18.100000;4.870000,31.770000;33.250000;4.680000,16.200001;17.200001;2.990000,1,12,0.1
-16.459999;40.900002;4.870000,29.969999;33.250000;4.680000,-35.200001;32.799999;2.990000,1,1,0.1
-16.459999;40.900002;4.870000,30.870001;32.349998;4.680000,-35.200001;32.799999;2.990000,1,10,0.1
-16.459999;40.900002;4.870000,29.969999;31.450001;4.680000,-35.200001;32.799999;2.990000,1,9,0.1
-15.560000;40.000000;4.870000,29.969999;31.450001;4.680000,-35.200001;32.799999;2.990000,1,9,0.1
-14.660000;39.099998;4.870000,29.969999;31.450001;4.680000,-35.200001;32.799999;2.990000,1,9,0.1
-16.459999;40.900002;4.870000,-23.900000;33.250000;4.680000,-41.680000;16.900000;2.990000,1,9,0.1
-17.360001;41.799999;4.870000,-23.900000;33.250000;4.680000,-41.680000;16.900000;2.990000,1,9,0.1
-17.360001;41.799999;4.870000,-24.799999;34.150002;4.680000,-41.680000;16.900000;2.990000,1,10,0.1
-17.360001;41.799999;4.870000,-23.900000;33.250000;4.680000,-41.680000;16.900000;2.990000,1,9,0.1
-22.500000;38.500000;4.870000,30.370001;42.799999;4.680000,-35.200001;5.200000;2.990000,1,9,0.1
-22.500000;38.500000;4.870000,30.370001;42.799999;4.680000,-34.299999;4.300000;2.990000,1,9,0.1
-22.500000;38.500000;4.870000,31.270000;43.700001;4.680000,-34.299999;4.300000;2.990000,1,9,0.1
-21.600000;37.599998;4.870000,31.270000;43.700001;4.680000,-34.299999;4.300000;2.990000,1,9,0.1
-21.600000;37.599998;4.870000,31.270000;43.700001;4.680000,-35.200001;5.200000;2.990000,1,10,0.1
1.700000;38.500000;4.870000,27.270000;34.150002;4.680000,-34.299999;-2.000000;2.990000,1,9,0.3
1.700000;38.500000;4.870000,27.969999;34.849998;4.680000,-34.299999;-2.000000;2.990000,1,9,0.3
2.400000;37.799999;4.870000,27.969999;34.849998;4.680000,-34.299999;-2.000000;2.990000,1,10,0.3
1.700000;38.500000;4.870000,27.969999;34.849998;4.680000,-34.299999;-2.000000;2.990000,1,10,0.3
-16.459999;38.900002;4.870000,30.370001;42.799999;4.680000,-41.680000;33.700001;2.990000,1,9,0.1
-16.459999;38.900002;4.870000,30.370001;42.799999;4.680000,-40.779999;32.799999;2.990000,1,9,0.1
-16.459999;38.900002;4.870000,30.370001;42.799999;4.680000,-41.680000;33.700001;2.990000,1,9,0.1
-16.459999;38.900002;4.870000,31.270000;41.900002;4.680000,-41.680000;33.700001;2.990000,1,10,0.1
-16.459999;38.900002;4.870000,30.370001;41.000000;4.680000,-41.680000;33.700001;2.990000,1,9,0.1
-12.100000;18.100000;4.870000,31.770000;33.250000;4.680000,16.200001;17.200001;2.990000,1,12,0.1
-12.100000;18.100000;4.870000,31.770000;33.250000;4.680000,16.200001;17.200001;2.990000,1,12,0.1
-12.100000;18.100000;4.870000,32.669998;34.150002;4.680000,16.200001;17.200001;2.990000,1,12,0.1
-12.100000;18.100000;4.870000,32.669998;34.150002;4.680000,15.300000;18.100000;2.990000,1,12,0.1
-14.660000;39.099998;4.870000,29.969999;31.450001;4.680000,-35.200001;32.799999;2.990000,1,10,0.1
-13.760000;40.000000;4.870000,29.969999;31.450001;4.680000,-35.200001;32.799999;2.990000,1,10,0.1
-13.760000;40.000000;4.870000,29.070000;32.349998;4.680000,-35.200001;32.799999;2.990000,1,9,0.1
-13.760000;40.000000;4.870000,29.969999;31.450001;4.680000,-35.200001;32.799999;2.990000,1,10,0.1
-13.760000;40.000000;4.870000,30.870001;32.349998;4.680000,-35.200001;32.799999;2.990000,1,9,0.1
-21.600000;37.599998;4.870000,31.770000;33.250000;4.680000,16.200001;17.200001;2.990000,1,14,0.5
-21.600000;37.599998;4.870000,31.770000;33.250000;4.680000,16.700001;17.700001;2.990000,1,14,0.5
-22.100000;38.099998;4.870000,31.770000;33.250000;4.680000,16.700001;17.700001;2.990000,1,14,0.5
-37.299999;18.100000;4.870000,31.270000;43.700001;4.680000,-35.200001;5.200000;2.990000,1,10,0.4
-37.299999;18.100000;4.870000,30.670000;43.099998;4.680000,-35.200001;5.200000;2.990000,1,10,0.4
-37.299999;18.100000;4.870000,30.670000;43.099998;4.680000,-35.799999;5.800000;2.990000,1,9,0.4
-21.600000;37.599998;4.870000,-9.600000;43.700001;4.680000,-35.200001;5.200000;2.990000,1,10,0.1
-20.700001;38.500000;4.870000,-9.600000;43.700001;4.680000,-35.200001;5.200000;2.990000,1,1,0.1
-20.700001;38.500000;4.870000,-8.700000;44.599998;4.680000,-35.200001;5.200000;2.990000,1,9,0.1
-20.700001;38.500000;4.870000,-8.700000;44.599998;4.680000,-36.099998;6.100000;2.990000,1,9,0.1
-20.700001;38.500000;4.870000,-7.800000;43.700001;4.680000,-36.099998;6.100000;2.990000,1,9,0.1
43.400002;37.599998;4.870000,31.270000;43.700001;4.680000,-35.200001;5.200000;2.990000,1,9,0.1
44.299999;36.700001;4.870000,31.270000;43.700001;4.680000,-35.200001;5.200000;2.990000,1,9,0.1
43.400002;35.799999;4.870000,31.270000;43.700001;4.680000,-35.200001;5.200000;2.990000,1,9,0.1
43.400002;35.799999;4.870000,32.169998;42.799999;4.680000,-35.200001;5.200000;2.990000,1,9,0.1
43.400002;35.799999;4.870000,33.070000;41.900002;4.680000,-35.200001;5.200000;2.990000,1,9,0.1
-13.760000;40.000000;4.870000,30.870001;32.349998;4.680000,-35.200001;32.799999;2.990000,1,10,0.1
-13.760000;40.000000;4.870000,30.870001;32.349998;4.680000,-36.099998;31.900000;2.990000,1,9,0.1
-13.760000;40.000000;4.870000,31.770000;33.250000;4.680000,-36.099998;31.900000;2.990000,1,9,0.1
-13.760000;40.000000;4.870000,31.770000;33.250000;4.680000,-35.200001;31.000000;2.990000,1,10,0.1
-14.660000;39.099998;4.870000,31.770000;33.250000;4.680000,-35.200001;31.000000;2.990000,1,9,0.1
-20.700001;38.500000;4.870000,-7.800000;43.700001;4.680000,-36.099998;6.100000;2.990000,1,9,0.1
-20.700001;38.500000;4.870000,-6.900000;42.799999;4.680000,-36.099998;6.100000;2.990000,1,10,0.1
-20.700001;38.500000;4.870000,-6.900000;42.799999;4.680000,-37.000000;7.000000;2.990000,1,9,0.1
-20.700001;38.500000;4.870000,-7.800000;43.700001;4.680000,-37.000000;7.000000;2.990000,1,9,0.1
-20.700001;38.500000;4.870000,-8.700000;44.599998;4.680000,-37.000000;7.000000;2.990000,1,9,0.1
-22.100000;38.099998;4.870000,31.770000;33.250000;4.680000,-35.799999;39.900002;2.990000,1,9,0
-22.100000;38.099998;4.870000,31.770000;33.250000;4.680000,-36.799999;38.900002;2.990000,1,10,0
-22.100000;38.099998;4.870000,32.770000;32.250000;4.680000,-36.799999;38.900002;2.990000,1,9,0
-22.100000;38.099998;4.870000,33.770000;31.250000;4.680000,-36.799999;38.900002;2.990000,1,10,0
-22.100000;38.099998;4.870000,34.770000;30.250000;4.680000,-36.799999;38.900002;2.990000,1,9,0
-37.299999;18.100000;4.870000,30.670000;43.099998;4.680000,16.700001;17.700001;2.990000,1,10,0.3
-37.299999;18.100000;4.870000,29.969999;43.799999;4.680000,16.700001;17.700001;2.990000,1,14,0.3
-37.299999;18.100000;4.870000,30.670000;43.099998;4.680000,16.700001;17.700001;2.990000,0,-1,0.3
-37.299999;18.100000;4.870000,29.969999;43.799999;4.680000,16.700001;17.700001;2.990000,1,14,0.3
-13.760000;40.000000;4.870000,30.870001;32.349998;4.680000,-35.200001;32.799999;2.990000,1,10,0.4
-13.760000;40.000000;4.870000,30.870001;32.349998;4.680000,-35.799999;33.400002;2.990000,1,9,0.4
-13.760000;40.000000;4.870000,30.870001;32.349998;4.680000,-36.400002;34.000000;2.990000,1,10,0.4
-37.299999;18.100000;4.870000,30.670000;43.099998;4.680000,-35.799999;5.800000;2.990000,1,10,0.2
-14.660000;39.099998;4.870000,31.770000;33.250000;4.680000,-35.200001;31.000000;2.990000,1,10,0.1
-14.660000;39.099998;4.870000,30.870001;34.150002;4.680000,-35.200001;31.000000;2.990000,1,10,0.1
-14.660000;39.099998;4.870000,30.870001;34.150002;4.680000,-34.299999;30.100000;2.990000,1,10,0.1
-15.560000;38.200001;4.870000,30.870001;34.150002;4.680000,-34.299999;30.100000;2.990000,1,9,0.1
-16.459999;39.099998;4.870000,30.870001;34.150002;4.680000,-34.299999;30.100000;2.990000,1,1,0.1
-20.700001;38.500000;4.870000,-8.700000;44.599998;4.680000,-37.000000;7.000000;2.990000,1,10,0.1
-20.700001;38.500000;4.870000,-7.800000;43.700001;4.680000,-37.000000;7.000000;2.990000,1,9,0.1
-21.600000;39.400002;4.870000,-7.800000;43.700001;4.680000,-37.000000;7.000000;2.990000,1,9,0.1
-22.500000;40.299999;4.870000,-7.800000;43.700001;4.680000,-37.000000;7.000000;2.990000,1,10,0.1
-22.500000;40.299999;4.870000,-7.800000;43.700001;4.680000,-36.099998;7.900000;2.990000,1,10,0.1
-20.700001;38.500000;4.870000,-8.700000;44.599998;4.680000,-37.000000;7.000000;2.990000,1,9,0
-20.700001;38.500000;4.870000,-9.700000;43.599998;4.680000,-37.000000;7.000000;2.990000,1,9,0
-20.700001;38.500000;4.870000,-8.700000;44.599998;4.680000,-37.000000;7.000000;2.990000,1,10,0
-20.700001;38.500000;4.870000,-8.700000;44.599998;4.680000,-36.000000;6.000000;2.990000,1,10,0
-20.700001;38.500000;4.870000,-9.700000;43.599998;4.680000,-36.000000;6.000000;2.990000,1,9,0
-22.100000;38.099998;4.870000,34.770000;30.250000;4.680000,-36.799999;38.900002;2.990000,1,9,0.3
-22.799999;37.400002;4.870000,34.770000;30.250000;4.680000,-36.799999;38.900002;2.990000,1,10,0.3
-22.799999;37.400002;4.870000,34.770000;30.250000;4.680000,-37.500000;39.599998;2.990000,1,10,0.3
-22.799999;37.400002;4.870000,34.770000;30.250000;4.680000,-36.799999;38.900002;2.990000,1,9,0.3
-37.299999;18.100000;4.870000,29.969999;43.799999;4.680000,16.700001;17.700001;2.990000,1,10,0.1
-37.299999;18.100000;4.870000,29.070000;44.700001;4.680000,16.700001;17.700001;2.990000,1,14,0.1
-36.400002;19.000000;4.870000,29.070000;44.700001;4.680000,16.700001;17.700001;2.990000,1,14,0.1
-36.400002;19.000000;4.870000,29.070000;44.700001;4.680000,17.600000;16.799999;2.990000,1,14,0.1
-37.299999;18.100000;4.870000,29.070000;44.700001;4.680000,17.600000;16.799999;2.990000,1,10,0.1
0.900000;40.000000;4.870000,30.870001;32.349998;4.680000,-36.400002;34.000000;2.990000,1,10,0.3
0.900000;40.000000;4.870000,31.570000;31.650000;4.680000,-36.400002;34.000000;2.990000,1,10,0.3
0.200000;39.299999;4.870000,31.570000;31.650000;4.680000,-36.400002;34.000000;2.990000,1,10,0.3
0.900000;38.599998;4.870000,31.570000;31.650000;4.680000,-36.400002;34.000000;2.990000,1,9,0.3
-16.459999;39.099998;4.870000,30.870001;34.150002;4.680000,-34.299999;30.100000;2.990000,1,9,0.1
