-6.770000;35.189999;5.650000,-32.180000;-4.720000;3.610000,34.720001;42.020000;4.640000,1,10,0.6,,Total Count,614
-6.770000;35.189999;5.650000,-32.180000;-4.720000;3.610000,34.320000;41.619999;4.640000,1,10,0.6,,Total Non- Collision,101
-36.090000;21.900000;1.450000,-27.520000;-8.840000;1.000000,-32.270000;44.189999;2.470000,0,-1,0.2,,Total collision,513
44.439999;-11.250000;2.800000,44.119999;18.570000;3.500000,-37.189999;15.260000;2.260000,0,-1,0.2,,Probability of collision,0.835504886
27.809999;21.930000;3.550000,39.610001;17.250000;4.570000,12.440000;41.980000;5.440000,0,-1,0.5,,,
27.809999;21.930000;3.550000,39.610001;17.250000;4.570000,11.940000;42.480000;5.440000,0,-1,0.5,,Total collision Obstacle 1,0
27.309999;22.430000;3.550000,39.610001;17.250000;4.570000,11.940000;42.480000;5.440000,0,-1,0.5,,Total collision Obstacle 2,333
-35.209999;-2.120000;5.080000,13.950000;26.240000;2.860000,-17.799999;34.270000;2.380000,1,13,0.1,,Total collision Obstacle 3,16
-36.110001;-3.020000;5.080000,13.950000;26.240000;2.860000,-17.799999;34.270000;2.380000,1,13,0.1,,Total collision due to Obstacles,349
-36.110001;-3.020000;5.080000,13.950000;26.240000;2.860000,-18.700001;35.169998;2.380000,1,13,0.1,,Probability of collision due to Obstacles,0.568403909
-35.209999;-2.120000;5.080000,13.950000;26.240000;2.860000,-18.700001;35.169998;2.380000,1,13,0.1,,,
-36.110001;-3.020000;5.080000,13.950000;26.240000;2.860000,-18.700001;35.169998;2.380000,1,13,0.1,,,
38.660000;-12.070000;1.220000,-44.730000;7.440000;3.340000,19.240000;33.660000;1.430000,0,-1,0,,,
38.660000;-12.070000;1.220000,-45.730000;6.440000;3.340000,19.240000;33.660000;1.430000,0,-1,0,,,
38.660000;-12.070000;1.220000,-44.730000;5.440000;3.340000,19.240000;33.660000;1.430000,0,-1,0,,,
38.660000;-12.070000;1.220000,-43.730000;4.440000;3.340000,19.240000;33.660000;1.430000,0,-1,0,,,
38.660000;-12.070000;1.220000,-44.730000;5.440000;3.340000,19.240000;33.660000;1.430000,0,-1,0,,,
-36.110001;-3.020000;5.080000,13.950000;26.240000;2.860000,-18.700001;35.169998;2.380000,1,13,0.1,,,
-36.110001;-3.020000;5.080000,13.950000;26.240000;2.860000,-17.799999;34.270000;2.380000,1,13,0.1,,,
-36.110001;-3.020000;5.080000,13.950000;26.240000;2.860000,-18.700001;33.369999;2.380000,1,13,0.1,,,
-36.110001;-3.020000;5.080000,13.950000;26.240000;2.860000,-19.600000;32.470001;2.380000,1,13,0.1,,,
-36.110001;-3.020000;5.080000,14.850000;27.139999;2.860000,-19.600000;32.470001;2.380000,1,13,0.1,,,
-6.770000;35.189999;5.650000,-32.180000;-4.720000;3.610000,34.320000;41.619999;4.640000,1,10,0.6,,,
-6.770000;35.189999;5.650000,-32.180000;-4.720000;3.610000,34.720001;42.020000;4.640000,0,-1,0.6,,,
-36.110001;-3.020000;5.080000,13.950000;26.240000;2.860000,-30.100000;35.169998;2.380000,1,13,1,,,
-36.110001;-3.020000;5.080000,13.950000;26.240000;2.860000,-18.700001;35.169998;2.380000,1,13,0.8,,,
-35.910000;-2.820000;5.080000,13.950000;26.240000;2.860000,-18.700001;35.169998;2.380000,1,13,0.8,,,
-36.110001;-6.400000;5.080000,13.950000;26.240000;2.860000,-18.700001;35.169998;2.380000,1,13,0.1,,,
-35.209999;-5.500000;5.080000,13.950000;26.240000;2.860000,-18.700001;35.169998;2.380000,1,13,0.1,,,
-34.310001;-4.600000;5.080000,13.950000;26.240000;2.860000,-18.700001;35.169998;2.380000,1,13,0.1,,,
-34.310001;-4.600000;5.080000,13.950000;26.240000;2.860000,-17.799999;34.270000;2.380000,1,13,0.1,,,
-33.410000;-3.700000;5.080000,13.950000;26.240000;2.860000,-17.799999;34.270000;2.380000,1,13,0.1,,,
-36.110001;-3.020000;5.080000,13.950000;26.240000;2.860000,-18.700001;35.169998;2.380000,1,13,0.1,,,
-35.209999;-2.120000;5.080000,13.950000;26.240000;2.860000,-18.700001;35.169998;2.380000,1,13,0.1,,,
-35.209999;-2.120000;5.080000,13.950000;26.240000;2.860000,-17.799999;36.070000;2.380000,1,13,0.1,,,
-35.209999;-2.120000;5.080000,13.050000;25.340000;2.860000,-17.799999;36.070000;2.380000,1,13,0.1,,,
-36.110001;-3.020000;5.080000,13.050000;25.340000;2.860000,-17.799999;36.070000;2.380000,1,13,0.1,,,
-36.110001;-3.020000;5.080000,14.850000;27.139999;2.860000,-19.600000;32.470001;2.380000,1,13,0.1,,,
-36.110001;-3.020000;5.080000,14.850000;27.139999;2.860000,-20.500000;33.369999;2.380000,1,13,0.1,,,
-37.009998;-3.920000;5.080000,14.850000;27.139999;2.860000,-20.500000;33.369999;2.380000,1,13,0.1,,,
-37.009998;-3.920000;5.080000,14.850000;27.139999;2.860000,-19.600000;34.270000;2.380000,1,13,0.1,,,
-36.110001;-3.020000;5.080000,14.850000;27.139999;2.860000,-19.600000;34.270000;2.380000,1,13,0.1,,,
-33.410000;-3.700000;5.080000,13.950000;26.240000;2.860000,-17.799999;34.270000;2.380000,1,13,0.1,,,
-32.509998;-2.800000;5.080000,13.950000;26.240000;2.860000,-17.799999;34.270000;2.380000,1,13,0.1,,,
-32.509998;-2.800000;5.080000,14.850000;25.340000;2.860000,-17.799999;34.270000;2.380000,1,13,0.1,,,
-32.509998;-2.800000;5.080000,14.850000;25.340000;2.860000,-18.700001;33.369999;2.380000,1,13,0.1,,,
-33.410000;-1.900000;5.080000,14.850000;25.340000;2.860000,-18.700001;33.369999;2.380000,1,13,0.1,,,
-33.410000;-3.700000;5.080000,13.950000;26.240000;2.860000,-17.799999;34.270000;2.380000,1,13,0.9,,,
-33.410000;-3.700000;5.080000,14.050000;26.340000;2.860000,-17.799999;34.270000;2.380000,1,13,0.9,,,
-33.410000;-3.700000;5.080000,13.950000;26.240000;2.860000,-17.799999;34.270000;2.380000,1,13,0.3,,,
-34.110001;-3.000000;5.080000,13.950000;26.240000;2.860000,-17.799999;34.270000;2.380000,1,13,0.3,,,
-34.110001;-3.000000;5.080000,13.950000;26.240000;2.860000,-17.100000;34.970001;2.380000,1,13,0.3,,,
-34.810001;-2.300000;5.080000,13.950000;26.240000;2.860000,-17.100000;34.970001;2.380000,1,13,0.3,,,
-36.110001;-3.020000;5.080000,-36.700001;26.240000;2.860000,-17.799999;34.270000;2.380000,0,-1,0.1,,,
-36.110001;-3.020000;5.080000,-37.599998;25.340000;2.860000,-17.799999;34.270000;2.380000,0,-1,0.1,,,
-36.110001;-3.020000;5.080000,-37.599998;25.340000;2.860000,-18.700001;33.369999;2.380000,0,-1,0.1,,,
-36.110001;-3.020000;5.080000,-37.599998;25.340000;2.860000,-19.600000;34.270000;2.380000,0,-1,0.1,,,
-36.110001;-3.020000;5.080000,-36.700001;24.440001;2.860000,-19.600000;34.270000;2.380000,0,-1,0.1,,,
-33.410000;33.599998;5.080000,13.050000;25.340000;2.860000,-17.799999;36.070000;2.380000,1,13,1,,,
-36.110001;-3.020000;5.080000,14.850000;27.139999;2.860000,-19.600000;34.270000;2.380000,1,13,0.1,,,
-36.110001;-3.020000;5.080000,13.950000;28.040001;2.860000,-19.600000;34.270000;2.380000,1,13,0.1,,,
-37.009998;-3.920000;5.080000,13.950000;28.040001;2.860000,-19.600000;34.270000;2.380000,1,13,0.1,,,
-37.910000;-3.020000;5.080000,13.950000;28.040001;2.860000,-19.600000;34.270000;2.380000,1,13,0.1,,,
-37.910000;-3.020000;5.080000,13.950000;28.040001;2.860000,-18.700001;35.169998;2.380000,1,13,0.1,,,
-33.410000;-1.900000;5.080000,14.850000;25.340000;2.860000,-18.700001;33.369999;2.380000,1,13,0.1,,,
-33.410000;-1.900000;5.080000,14.850000;25.340000;2.860000,-19.600000;32.470001;2.380000,1,13,0.1,,,
-34.310001;-1.000000;5.080000,14.850000;25.340000;2.860000,-19.600000;32.470001;2.380000,1,13,0.1,,,
-34.310001;-1.000000;5.080000,14.850000;25.340000;2.860000,-20.500000;31.570000;2.380000,1,13,0.1,,,
-34.310001;-1.000000;5.080000,14.850000;25.340000;2.860000,-21.400000;32.470001;2.380000,1,13,0.1,,,
-33.410000;-1.900000;5.080000,14.850000;25.340000;2.860000,-18.700001;33.369999;2.380000,1,13,0.1,,,
-33.410000;-1.900000;5.080000,14.850000;25.340000;2.860000,-19.600000;32.470001;2.380000,1,13,0.1,,,
-33.410000;-1.900000;5.080000,14.850000;25.340000;2.860000,-18.700001;31.570000;2.380000,1,13,0.1,,,
-33.410000;-1.900000;5.080000,14.850000;25.340000;2.860000,-19.600000;30.670000;2.380000,1,13,0.1,,,
-33.410000;-1.900000;5.080000,13.950000;26.240000;2.860000,-19.600000;30.670000;2.380000,1,13,0.1,,,
-33.410000;-3.700000;5.080000,14.050000;26.340000;2.860000,-17.799999;34.270000;2.380000,1,13,0.1,,,
-34.310001;-2.800000;5.080000,14.050000;26.340000;2.860000,-17.799999;34.270000;2.380000,1,13,0.1,,,
-35.209999;-1.900000;5.080000,14.050000;26.340000;2.860000,-17.799999;34.270000;2.380000,1,13,0.1,,,
-35.209999;-1.900000;5.080000,13.150000;27.240000;2.860000,-17.799999;34.270000;2.380000,1,13,0.1,,,
-35.209999;-1.900000;5.080000,14.050000;26.340000;2.860000,-17.799999;34.270000;2.380000,1,13,0.1,,,
-36.110001;-3.020000;5.080000,14.850000;27.139999;2.860000,-19.600000;34.270000;2.380000,1,13,0.1,,,
-35.209999;-3.920000;5.080000,14.850000;27.139999;2.860000,-19.600000;34.270000;2.380000,1,13,0.1,,,
-34.310001;-3.020000;5.080000,14.850000;27.139999;2.860000,-19.600000;34.270000;2.380000,1,13,0.1,,,
-34.310001;-3.020000;5.080000,13.950000;28.040001;2.860000,-19.600000;34.270000;2.380000,1,13,0.1,,,
-34.310001;-3.020000;5.080000,14.850000;28.940001;2.860000,-19.600000;34.270000;2.380000,1,13,0.1,,,
-36.110001;12.000000;5.080000,14.850000;27.139999;2.860000,-19.600000;34.270000;2.380000,1,13,0.1,,,
-36.110001;12.000000;5.080000,13.950000;28.040001;2.860000,-19.600000;34.270000;2.380000,1,13,0.1,,,
-37.009998;11.100000;5.080000,13.950000;28.040001;2.860000,-19.600000;34.270000;2.380000,1,13,0.1,,,
-37.009998;11.100000;5.080000,13.050000;28.940001;2.860000,-19.600000;34.270000;2.380000,1,13,0.1,,,
-37.009998;11.100000;5.080000,13.050000;28.940001;2.860000,-18.700001;33.369999;2.380000,1,13,0.1,,,
-37.910000;-3.020000;5.080000,13.950000;28.040001;2.860000,-18.700001;35.169998;2.380000,1,13,0.1,,,
-37.009998;-3.920000;5.080000,13.950000;28.040001;2.860000,-18.700001;35.169998;2.380000,1,13,0.1,,,
-37.910000;-3.020000;5.080000,13.950000;28.040001;2.860000,-18.700001;35.169998;2.380000,1,13,0.1,,,
-37.910000;-3.020000;5.080000,13.050000;27.139999;2.860000,-18.700001;35.169998;2.380000,1,13,0.1,,,
-37.910000;-3.020000;5.080000,13.050000;27.139999;2.860000,-19.600000;36.070000;2.380000,1,13,0.1,,,
-34.310001;-1.000000;5.080000,14.850000;25.340000;2.860000,-21.400000;32.470001;2.380000,1,13,0.1,,,
-33.410000;-1.900000;5.080000,14.850000;25.340000;2.860000,-21.400000;32.470001;2.380000,1,13,0.1,,,
-33.410000;-1.900000;5.080000,13.950000;26.240000;2.860000,-21.400000;32.470001;2.380000,1,13,0.1,,,
-33.410000;-1.900000;5.080000,13.050000;27.139999;2.860000,-21.400000;32.470001;2.380000,1,13,0.1,,,
-33.410000;-1.900000;5.080000,13.950000;28.040001;2.860000,-21.400000;32.470001;2.380000,1,13,0.1,,,
-33.410000;-1.900000;5.080000,13.950000;26.240000;2.860000,-19.600000;44.299999;2.380000,1,13,1,,,
-34.310001;-3.020000;5.080000,-35.299999;28.940001;2.860000,-19.600000;34.270000;2.380000,0,-1,0.6,,,
-34.310001;-3.020000;5.080000,-35.299999;28.940001;2.860000,-19.200001;33.869999;2.380000,0,-1,0.6,,,
-37.910000;-3.020000;5.080000,13.950000;34.099998;2.860000,-18.700001;33.369999;2.380000,0,-1,0.1,,,
-37.910000;-3.020000;5.080000,13.950000;34.099998;2.860000,-17.799999;32.470001;2.380000,0,-1,0.1,,,
-37.910000;-3.020000;5.080000,14.850000;35.000000;2.860000,-17.799999;32.470001;2.380000,0,-1,0.1,,,
-37.009998;-2.120000;5.080000,14.850000;35.000000;2.860000,-17.799999;32.470001;2.380000,0,-1,0.1,,,
-37.009998;-2.120000;5.080000,15.750000;34.099998;2.860000,-17.799999;32.470001;2.380000,0,-1,0.1,,,
-37.009998;11.100000;5.080000,13.050000;43.200001;2.860000,-18.700001;35.169998;2.380000,0,-1,0.2,,,
-37.910000;-3.020000;5.080000,13.050000;27.139999;2.860000,-19.600000;36.070000;2.380000,1,13,0.1,,,
-38.810001;-2.120000;5.080000,13.050000;27.139999;2.860000,-19.600000;36.070000;2.380000,1,13,0.1,,,
-38.810001;-2.120000;5.080000,13.050000;27.139999;2.860000,-20.500000;35.169998;2.380000,1,13,0.1,,,
-38.810001;-2.120000;5.080000,13.050000;27.139999;2.860000,-19.600000;34.270000;2.380000,1,13,0.1,,,
-38.810001;-2.120000;5.080000,13.950000;26.240000;2.860000,-19.600000;34.270000;2.380000,1,13,0.1,,,
-33.410000;-1.900000;5.080000,13.950000;28.040001;2.860000,-21.400000;32.470001;2.380000,1,13,0.1,,,
-32.509998;-1.000000;5.080000,13.950000;28.040001;2.860000,-21.400000;32.470001;2.380000,1,13,0.1,,,
-33.410000;-1.900000;5.080000,13.950000;28.040001;2.860000,-21.400000;32.470001;2.380000,1,13,0.1,,,
-33.410000;-1.900000;5.080000,13.950000;28.040001;2.860000,-20.500000;33.369999;2.380000,1,13,0.1,,,
-32.509998;-2.800000;5.080000,13.950000;28.040001;2.860000,-20.500000;33.369999;2.380000,1,13,0.1,,,
-33.410000;-1.900000;5.080000,13.050000;27.139999;2.860000,-19.600000;36.070000;2.380000,1,13,0.1,,,
-34.310001;-2.800000;5.080000,13.050000;27.139999;2.860000,-19.600000;36.070000;2.380000,1,13,0.1,,,
-34.310001;-2.800000;5.080000,13.050000;27.139999;2.860000,-18.700001;35.169998;2.380000,1,13,0.1,,,
-34.310001;-2.800000;5.080000,13.050000;27.139999;2.860000,-17.799999;34.270000;2.380000,1,13,0.1,,,
-34.310001;-2.800000;5.080000,12.150000;28.040001;2.860000,-17.799999;34.270000;2.380000,1,13,0.1,,,
-37.910000;-3.020000;5.080000,13.950000;28.040001;2.860000,-21.400000;32.470001;2.380000,1,13,0.8,,,
-37.709999;-2.820000;5.080000,13.950000;28.040001;2.860000,-21.400000;32.470001;2.380000,1,13,0.8,,,
-37.910000;-3.020000;5.080000,13.050000;27.139999;2.860000,-21.400000;32.470001;2.380000,1,13,1,,,
-33.410000;-1.900000;5.080000,13.950000;28.040001;2.860000,-19.600000;36.070000;2.380000,1,13,0.1,,,
-32.509998;-2.800000;5.080000,13.950000;28.040001;2.860000,-19.600000;36.070000;2.380000,1,13,0.1,,,
-32.509998;-2.800000;5.080000,13.950000;28.040001;2.860000,-20.500000;36.970001;2.380000,1,13,0.1,,,
-32.509998;-2.800000;5.080000,13.950000;28.040001;2.860000,-19.600000;36.070000;2.380000,1,13,0.1,,,
-33.410000;-1.900000;5.080000,13.950000;28.040001;2.860000,-19.600000;36.070000;2.380000,1,13,0.1,,,
-38.810001;-2.120000;5.080000,13.950000;26.240000;2.860000,-19.600000;34.270000;2.380000,1,13,0.1,,,
-38.810001;-2.120000;5.080000,13.950000;26.240000;2.860000,-20.500000;33.369999;2.380000,1,13,0.1,,,
-39.709999;-3.020000;5.080000,13.950000;26.240000;2.860000,-20.500000;33.369999;2.380000,1,13,0.1,,,
-39.709999;-3.020000;5.080000,13.050000;27.139999;2.860000,-20.500000;33.369999;2.380000,1,13,0.1,,,
-39.709999;-3.020000;5.080000,12.150000;28.040001;2.860000,-20.500000;33.369999;2.380000,1,13,0.1,,,
-32.509998;-2.800000;5.080000,13.950000;28.040001;2.860000,-20.500000;33.369999;2.380000,1,13,0.1,,,
-32.509998;-2.800000;5.080000,13.950000;28.040001;2.860000,-19.600000;32.470001;2.380000,1,13,0.1,,,
-32.509998;-2.800000;5.080000,13.950000;28.040001;2.860000,-18.700001;31.570000;2.380000,1,13,0.1,,,
-32.509998;-2.800000;5.080000,13.050000;27.139999;2.860000,-18.700001;31.570000;2.380000,1,13,0.1,,,
-33.410000;-3.700000;5.080000,13.050000;27.139999;2.860000,-18.700001;31.570000;2.380000,1,13,0.1,,,
-38.810001;-2.120000;5.080000,16.000000;26.240000;2.860000,-5.400000;34.270000;2.380000,1,-1,0.1,,,
-37.910000;-1.220000;5.080000,16.000000;26.240000;2.860000,-5.400000;34.270000;2.380000,1,10,0.1,,,
-37.910000;-1.220000;5.080000,16.900000;27.139999;2.860000,-5.400000;34.270000;2.380000,1,10,0.1,,,
-37.910000;-1.220000;5.080000,16.900000;27.139999;2.860000,-6.300000;33.369999;2.380000,1,14,0.1,,,
-37.910000;-1.220000;5.080000,16.000000;28.040001;2.860000,-6.300000;33.369999;2.380000,1,14,0.1,,,
-38.810001;-2.120000;5.080000,13.950000;26.240000;2.860000,-19.600000;34.270000;2.380000,1,13,0,,,
-38.810001;-2.120000;5.080000,12.950000;25.240000;2.860000,-19.600000;34.270000;2.380000,1,13,0,,,
-37.810001;-1.120000;5.080000,12.950000;25.240000;2.860000,-19.600000;34.270000;2.380000,1,13,0,,,
-37.810001;-1.120000;5.080000,11.950000;26.240000;2.860000,-19.600000;34.270000;2.380000,1,13,0,,,
-37.810001;-1.120000;5.080000,11.950000;26.240000;2.860000,-18.600000;33.270000;2.380000,1,13,0,,,
-44.299999;-1.900000;5.080000,13.950000;28.040001;2.860000,-19.600000;36.070000;2.380000,1,13,0.1,,,
-43.400002;-2.800000;5.080000,13.950000;28.040001;2.860000,-19.600000;36.070000;2.380000,1,13,0.1,,,
-43.400002;-2.800000;5.080000,13.050000;28.940001;2.860000,-19.600000;36.070000;2.380000,1,13,0.1,,,
-43.400002;-2.800000;5.080000,13.050000;28.940001;2.860000,-20.500000;36.970001;2.380000,1,13,0.1,,,
-43.400002;-2.800000;5.080000,13.950000;28.040001;2.860000,-20.500000;36.970001;2.380000,1,13,0.1,,,
-33.410000;-1.900000;5.080000,13.950000;28.040001;2.860000,-19.600000;36.070000;2.380000,1,13,0.1,,,
-33.410000;-1.900000;5.080000,14.850000;27.139999;2.860000,-19.600000;36.070000;2.380000,1,13,0.1,,,
-32.509998;-1.000000;5.080000,14.850000;27.139999;2.860000,-19.600000;36.070000;2.380000,1,13,0.1,,,
-31.610001;-0.100000;5.080000,14.850000;27.139999;2.860000,-19.600000;36.070000;2.380000,1,13,0.1,,,
-31.610001;-0.100000;5.080000,15.750000;28.040001;2.860000,-19.600000;36.070000;2.380000,1,13,0.1,,,
-39.709999;-3.020000;5.080000,12.150000;28.040001;2.860000,-20.500000;33.369999;2.380000,1,13,0.1,,,
-39.709999;-3.020000;5.080000,12.150000;28.040001;2.860000,-21.400000;32.470001;2.380000,1,13,0.1,,,
-39.709999;-3.020000;5.080000,11.250000;28.940001;2.860000,-21.400000;32.470001;2.380000,1,13,0.1,,,
-38.810001;-2.120000;5.080000,11.250000;28.940001;2.860000,-21.400000;32.470001;2.380000,1,13,0.1,,,
-38.810001;-2.120000;5.080000,11.250000;28.940001;2.860000,-22.299999;33.369999;2.380000,1,13,0.1,,,
-33.410000;-3.700000;5.080000,13.050000;27.139999;2.860000,-18.700001;31.570000;2.380000,1,13,0.1,,,
-34.310001;-4.600000;5.080000,13.050000;27.139999;2.860000,-18.700001;31.570000;2.380000,1,1,0.1,,,
-34.310001;-4.600000;5.080000,13.050000;27.139999;2.860000,-19.600000;32.470001;2.380000,1,13,0.1,,,
-35.209999;-5.500000;5.080000,13.050000;27.139999;2.860000,-19.600000;32.470001;2.380000,1,13,0.1,,,
-36.110001;-4.600000;5.080000,13.050000;27.139999;2.860000,-19.600000;32.470001;2.380000,1,13,0.1,,,
-37.810001;-1.120000;5.080000,13.950000;28.040001;2.860000,-20.500000;28.700001;2.380000,1,13,0.1,,,
-37.810001;-1.120000;5.080000,13.950000;28.040001;2.860000,-21.400000;27.799999;2.380000,1,13,0.1,,,
-37.810001;-1.120000;5.080000,13.950000;28.040001;2.860000,-20.500000;28.700001;2.380000,1,13,0.1,,,
-36.910000;-0.220000;5.080000,13.950000;28.040001;2.860000,-20.500000;28.700001;2.380000,1,13,0.1,,,
-36.910000;-0.220000;5.080000,13.950000;28.040001;2.860000,-21.400000;29.600000;2.380000,1,13,0.1,,,
-43.400002;41.900002;5.080000,11.950000;26.240000;2.860000,-18.600000;33.270000;2.380000,1,13,0,,,
-43.400002;41.900002;5.080000,11.950000;26.240000;2.860000,-17.600000;32.270000;2.380000,1,13,0,,,
-44.400002;40.900002;5.080000,11.950000;26.240000;2.860000,-17.600000;32.270000;2.380000,1,13,0,,,
-44.400002;40.900002;5.080000,12.950000;25.240000;2.860000,-17.600000;32.270000;2.380000,1,10,0,,,
-43.400002;41.900002;5.080000,12.950000;25.240000;2.860000,-17.600000;32.270000;2.380000,1,10,0,,,
-37.910000;-1.220000;5.080000,16.000000;28.040001;2.860000,-6.300000;29.400000;2.380000,1,14,0.1,,,
-37.910000;-1.220000;5.080000,15.100000;27.139999;2.860000,-6.300000;29.400000;2.380000,1,14,0.1,,,
-37.910000;-1.220000;5.080000,14.200000;26.240000;2.860000,-6.300000;29.400000;2.380000,1,14,0.1,,,
-37.910000;-1.220000;5.080000,14.200000;26.240000;2.860000,-5.400000;28.500000;2.380000,1,14,0.1,,,
-37.910000;-1.220000;5.080000,15.100000;25.340000;2.860000,-5.400000;28.500000;2.380000,1,14,0.1,,,
-37.910000;-1.220000;5.080000,16.000000;35.299999;2.860000,-6.300000;33.369999;2.380000,1,14,0.1,,,
-37.910000;-1.220000;5.080000,16.900000;36.200001;2.860000,-6.300000;33.369999;2.380000,0,-1,0.1,,,
-37.009998;-2.120000;5.080000,16.900000;36.200001;2.860000,-6.300000;33.369999;2.380000,1,14,0.1,,,
-36.110001;-1.220000;5.080000,16.900000;36.200001;2.860000,-6.300000;33.369999;2.380000,1,14,0.1,,,
-36.110001;-1.220000;5.080000,16.000000;35.299999;2.860000,-6.300000;33.369999;2.380000,1,14,0.1,,,
-38.810001;-2.120000;5.080000,11.250000;28.940001;2.860000,-22.299999;33.369999;2.380000,0,-1,0.1,,,
-38.810001;-2.120000;5.080000,10.350000;29.840000;2.860000,-22.299999;33.369999;2.380000,0,-1,0.1,,,
-38.810001;-2.120000;5.080000,11.250000;28.940001;2.860000,-22.299999;33.369999;2.380000,1,10,0.1,,,
-38.810001;-2.120000;5.080000,11.250000;28.940001;2.860000,-23.200001;32.470001;2.380000,1,10,0.1,,,
-38.810001;-2.120000;5.080000,10.350000;28.040001;2.860000,-23.200001;32.470001;2.380000,1,10,0.1,,,
-36.110001;-4.600000;5.080000,13.050000;27.139999;2.860000,-19.600000;32.470001;2.380000,1,13,0.1,,,
-37.009998;-3.700000;5.080000,13.050000;27.139999;2.860000,-19.600000;32.470001;2.380000,1,13,0.1,,,
-37.009998;-3.700000;5.080000,13.950000;26.240000;2.860000,-19.600000;32.470001;2.380000,1,13,0.1,,,
-36.110001;-2.800000;5.080000,13.950000;26.240000;2.860000,-19.600000;32.470001;2.380000,1,10,0.1,,,
-37.009998;-3.700000;5.080000,13.950000;26.240000;2.860000,-19.600000;32.470001;2.380000,1,13,0.1,,,
-37.910000;1.900000;5.080000,15.100000;25.340000;2.860000,-19.600000;32.470001;2.380000,1,10,0.1,,,
-37.910000;1.900000;5.080000,15.100000;25.340000;2.860000,-18.700001;31.570000;2.380000,1,13,0.1,,,
-37.910000;1.900000;5.080000,16.000000;26.240000;2.860000,-18.700001;31.570000;2.380000,1,10,0.1,,,
-37.910000;1.900000;5.080000,16.000000;26.240000;2.860000,-19.600000;32.470001;2.380000,1,13,0.1,,,
-37.910000;1.900000;5.080000,16.000000;26.240000;2.860000,-18.700001;31.570000;2.380000,1,10,0.1,,,
-36.110001;-4.600000;5.080000,13.050000;30.900000;2.860000,-5.400000;28.500000;2.380000,1,14,0.1,,,
-36.110001;-4.600000;5.080000,13.050000;30.900000;2.860000,-4.500000;29.400000;2.380000,1,14,0.1,,,
-36.110001;-4.600000;5.080000,13.050000;30.900000;2.860000,-5.400000;28.500000;2.380000,1,14,0.1,,,
-35.209999;-3.700000;5.080000,13.050000;30.900000;2.860000,-5.400000;28.500000;2.380000,1,14,0.1,,,
-35.209999;-3.700000;5.080000,13.050000;30.900000;2.860000,-6.300000;29.400000;2.380000,1,14,0.1,,,
-32.000000;-12.700000;5.080000,13.050000;27.139999;2.860000,-19.600000;32.470001;2.380000,1,13,0.1,,,
-31.100000;-11.800000;5.080000,13.050000;27.139999;2.860000,-19.600000;32.470001;2.380000,1,10,0.1,,,
-31.100000;-11.800000;5.080000,13.050000;27.139999;2.860000,-18.700001;31.570000;2.380000,1,10,0.1,,,
-30.200001;-12.700000;5.080000,13.050000;27.139999;2.860000,-18.700001;31.570000;2.380000,1,10,0.1,,,
-30.200001;-12.700000;5.080000,13.950000;28.040001;2.860000,-18.700001;31.570000;2.380000,1,13,0.1,,,
-41.900002;-4.600000;5.080000,11.250000;28.700001;2.860000,-22.299999;33.369999;2.380000,0,-1,0.1,,,
-41.900002;-4.600000;5.080000,12.150000;27.799999;2.860000,-22.299999;33.369999;2.380000,1,13,0.1,,,
-41.900002;-4.600000;5.080000,11.250000;26.900000;2.860000,-22.299999;33.369999;2.380000,1,13,0.1,,,
-41.900002;-4.600000;5.080000,11.250000;26.900000;2.860000,-23.200001;34.270000;2.380000,1,10,0.1,,,
-42.799999;-5.500000;5.080000,11.250000;26.900000;2.860000,-23.200001;34.270000;2.380000,1,13,0.1,,,
-37.009998;-3.700000;5.080000,13.950000;26.240000;2.860000,-19.600000;32.470001;2.380000,1,10,0.1,,,
-37.009998;-3.700000;5.080000,14.850000;25.340000;2.860000,-19.600000;32.470001;2.380000,1,10,0.1,,,
-37.009998;-3.700000;5.080000,14.850000;25.340000;2.860000,-18.700001;31.570000;2.380000,1,13,0.1,,,
-37.910000;-2.800000;5.080000,14.850000;25.340000;2.860000,-18.700001;31.570000;2.380000,1,13,0.1,,,
-37.910000;-2.800000;5.080000,14.850000;25.340000;2.860000,-19.600000;32.470001;2.380000,1,10,0.1,,,
-37.910000;1.900000;5.080000,16.000000;26.240000;2.860000,-18.700001;31.570000;2.380000,1,13,0.1,,,
-37.910000;1.900000;5.080000,15.100000;25.340000;2.860000,-18.700001;31.570000;2.380000,1,10,0.1,,,
-37.910000;1.900000;5.080000,16.000000;24.440001;2.860000,-18.700001;31.570000;2.380000,1,13,0.1,,,
-37.910000;1.900000;5.080000,15.100000;23.540001;2.860000,-18.700001;31.570000;2.380000,1,13,0.1,,,
-37.910000;1.900000;5.080000,14.200000;22.639999;2.860000,-18.700001;31.570000;2.380000,1,13,0.1,,,
-37.009998;-9.100000;5.080000,13.950000;26.240000;2.860000,-37.900002;32.470001;2.380000,1,13,0.1,,,
-37.910000;-10.000000;5.080000,13.950000;26.240000;2.860000,-37.900002;32.470001;2.380000,1,13,0.1,,,
-37.910000;-10.000000;5.080000,14.850000;25.340000;2.860000,-37.900002;32.470001;2.380000,1,13,0.1,,,
-37.910000;-10.000000;5.080000,14.850000;25.340000;2.860000,-37.000000;33.369999;2.380000,1,13,0.1,,,
-37.910000;-10.000000;5.080000,15.750000;26.240000;2.860000,-37.000000;33.369999;2.380000,1,13,0.1,,,
-35.209999;-3.700000;5.080000,13.050000;30.900000;2.860000,34.500000;29.400000;2.380000,1,10,0,,,
-36.209999;-4.700000;5.080000,13.050000;30.900000;2.860000,34.500000;29.400000;2.380000,0,-1,0,,,
-36.209999;-4.700000;5.080000,13.050000;30.900000;2.860000,33.500000;28.400000;2.380000,1,15,0,,,
-36.209999;-4.700000;5.080000,13.050000;30.900000;2.860000,34.500000;27.400000;2.380000,0,-1,0,,,
-36.209999;-4.700000;5.080000,13.050000;30.900000;2.860000,33.500000;28.400000;2.380000,0,-1,0,,,
-37.910000;1.900000;5.080000,16.000000;26.240000;2.860000,-18.700001;31.570000;2.380000,1,10,1,,,
-30.200001;-0.100000;5.080000,13.950000;28.040001;2.860000,-18.700001;31.570000;2.380000,1,10,0.1,,,
-30.200001;-0.100000;5.080000,13.050000;28.940001;2.860000,-18.700001;31.570000;2.380000,1,13,0.1,,,
-30.200001;-0.100000;5.080000,13.050000;28.940001;2.860000,-19.600000;32.470001;2.380000,1,13,0.1,,,
-30.200001;-0.100000;5.080000,12.150000;29.840000;2.860000,-19.600000;32.470001;2.380000,0,-1,0.1,,,
-30.200001;-0.100000;5.080000,12.150000;29.840000;2.860000,-20.500000;31.570000;2.380000,1,10,0.1,,,
-37.910000;-2.800000;5.080000,14.850000;25.340000;2.860000,-19.600000;32.470001;2.380000,1,10,0.1,,,
-38.810001;-1.900000;5.080000,14.850000;25.340000;2.860000,-19.600000;32.470001;2.380000,1,10,0.1,,,
-39.709999;-1.000000;5.080000,14.850000;25.340000;2.860000,-19.600000;32.470001;2.380000,1,13,0.1,,,
-39.709999;-1.000000;5.080000,14.850000;25.340000;2.860000,-20.500000;31.570000;2.380000,1,10,0.1,,,
-39.709999;-1.000000;5.080000,13.950000;26.240000;2.860000,-20.500000;31.570000;2.380000,1,13,0.1,,,
-37.910000;1.900000;5.080000,14.200000;22.639999;2.860000,-18.700001;31.570000;2.380000,1,13,0.1,,,
-37.910000;1.900000;5.080000,13.300000;23.540001;2.860000,-18.700001;31.570000;2.380000,1,10,0.1,,,
-37.910000;1.900000;5.080000,13.300000;23.540001;2.860000,-17.799999;32.470001;2.380000,1,13,0.1,,,
-37.910000;1.900000;5.080000,13.300000;23.540001;2.860000,-18.700001;33.369999;2.380000,1,13,0.1,,,
-37.910000;1.900000;5.080000,13.300000;23.540001;2.860000,-19.600000;32.470001;2.380000,1,13,0.1,,,
-37.910000;1.900000;5.080000,14.200000;22.639999;2.860000,-18.700001;31.570000;2.380000,1,13,0.2,,,
-37.910000;-10.000000;5.080000,15.750000;27.400000;2.860000,-37.000000;33.369999;2.380000,1,13,1,,,
-37.910000;-2.800000;5.080000,-37.700001;24.900000;2.860000,-19.600000;32.470001;2.380000,0,-1,0.1,,,
-37.910000;-2.800000;5.080000,-37.700001;24.900000;2.860000,-20.500000;31.570000;2.380000,1,10,0.1,,,
-38.810001;-3.700000;5.080000,-37.700001;24.900000;2.860000,-20.500000;31.570000;2.380000,1,10,0.1,,,
-39.709999;-4.600000;5.080000,-37.700001;24.900000;2.860000,-20.500000;31.570000;2.380000,1,10,0.1,,,
-39.709999;-4.600000;5.080000,-38.599998;25.799999;2.860000,-20.500000;31.570000;2.380000,0,-1,0.1,,,
-37.910000;28.299999;5.080000,9.000000;25.340000;2.860000,-19.600000;32.470001;2.380000,1,13,0.1,,,
-37.009998;29.200001;5.080000,9.000000;25.340000;2.860000,-19.600000;32.470001;2.380000,1,13,0.1,,,
-37.009998;29.200001;5.080000,9.900000;26.240000;2.860000,-19.600000;32.470001;2.380000,1,10,0.1,,,
-37.009998;29.200001;5.080000,9.900000;26.240000;2.860000,-20.500000;33.369999;2.380000,1,10,0.1,,,
-37.910000;28.299999;5.080000,9.900000;26.240000;2.860000,-20.500000;33.369999;2.380000,1,13,0.1,,,
-39.709999;-1.000000;5.080000,13.950000;26.240000;2.860000,-20.500000;31.570000;2.380000,1,13,0.1,,,
-39.709999;-1.000000;5.080000,14.850000;25.340000;2.860000,-20.500000;31.570000;2.380000,1,13,0.1,,,
-39.709999;-1.000000;5.080000,15.750000;24.440001;2.860000,-20.500000;31.570000;2.380000,1,13,0.1,,,
-39.709999;-1.000000;5.080000,16.650000;25.340000;2.860000,-20.500000;31.570000;2.380000,1,10,0.1,,,
-39.709999;-1.000000;5.080000,16.650000;25.340000;2.860000,-19.600000;30.670000;2.380000,1,13,0.1,,,
-37.910000;1.900000;5.080000,13.300000;23.540001;2.860000,-19.600000;32.470001;2.380000,1,13,0.1,,,
-38.810001;1.000000;5.080000,13.300000;23.540001;2.860000,-19.600000;32.470001;2.380000,1,13,0.1,,,
-38.810001;1.000000;5.080000,13.300000;23.540001;2.860000,-18.700001;33.369999;2.380000,1,10,0.1,,,
-38.810001;1.000000;5.080000,14.200000;22.639999;2.860000,-18.700001;33.369999;2.380000,1,13,0.1,,,
-39.709999;1.900000;5.080000,14.200000;22.639999;2.860000,-18.700001;33.369999;2.380000,1,13,0.1,,,
-37.910000;-10.000000;5.080000,15.750000;27.400000;2.860000,-27.100000;24.700001;2.380000,1,13,0.1,,,
-37.910000;-10.000000;5.080000,15.750000;27.400000;2.860000,-26.200001;25.600000;2.380000,1,10,0.1,,,
-37.910000;-10.000000;5.080000,15.750000;27.400000;2.860000,-25.299999;24.700001;2.380000,1,10,0.1,,,
-37.910000;-10.000000;5.080000,16.650000;26.500000;2.860000,-25.299999;24.700001;2.380000,1,10,0.1,,,
-37.910000;-10.000000;5.080000,15.750000;27.400000;2.860000,-25.299999;24.700001;2.380000,1,13,0.1,,,
-37.910000;28.299999;5.080000,9.900000;26.240000;2.860000,-16.700001;33.369999;2.380000,1,13,1,,,
-37.910000;5.700000;5.080000,9.900000;26.240000;2.860000,-20.500000;31.570000;2.380000,1,13,0.1,,,
-37.009998;6.600000;5.080000,9.900000;26.240000;2.860000,-20.500000;31.570000;2.380000,1,13,0.1,,,
-37.910000;7.500000;5.080000,9.900000;26.240000;2.860000,-20.500000;31.570000;2.380000,1,10,0.1,,,
-37.910000;7.500000;5.080000,10.800000;27.139999;2.860000,-20.500000;31.570000;2.380000,1,13,0.1,,,
-37.910000;7.500000;5.080000,11.700000;28.040001;2.860000,-20.500000;31.570000;2.380000,1,13,0.1,,,
-39.709999;10.000000;5.080000,13.950000;26.240000;2.860000,-20.500000;33.369999;2.380000,1,10,0.1,,,
-39.709999;10.000000;5.080000,13.950000;26.240000;2.860000,-21.400000;34.270000;2.380000,1,10,0.1,,,
-39.709999;10.000000;5.080000,14.850000;27.139999;2.860000,-21.400000;34.270000;2.380000,1,13,0.1,,,
-39.709999;10.000000;5.080000,14.850000;27.139999;2.860000,-22.299999;33.369999;2.380000,1,13,0.1,,,
-38.810001;9.100000;5.080000,14.850000;27.139999;2.860000,-22.299999;33.369999;2.380000,1,13,0.1,,,
-39.709999;-1.000000;5.080000,16.650000;25.340000;2.860000,-19.600000;30.670000;2.380000,1,13,0.1,,,
-38.810001;-1.900000;5.080000,16.650000;25.340000;2.860000,-19.600000;30.670000;2.380000,1,10,0.1,,,
-37.910000;-1.000000;5.080000,16.650000;25.340000;2.860000,-19.600000;30.670000;2.380000,1,10,0.1,,,
-37.910000;-1.000000;5.080000,16.650000;25.340000;2.860000,-18.700001;31.570000;2.380000,1,13,0.1,,,
-37.009998;-0.100000;5.080000,16.650000;25.340000;2.860000,-18.700001;31.570000;2.380000,1,13,0.1,,,
-39.709999;1.900000;5.080000,14.200000;22.639999;2.860000,-18.700001;33.369999;2.380000,1,13,0.1,,,
-39.709999;1.900000;5.080000,15.100000;23.540001;2.860000,-18.700001;33.369999;2.380000,1,10,0.1,,,
-39.709999;1.900000;5.080000,15.100000;23.540001;2.860000,-17.799999;32.470001;2.380000,1,13,0.1,,,
-39.709999;1.900000;5.080000,15.100000;23.540001;2.860000,-18.700001;33.369999;2.380000,1,1,0.1,,,
-40.610001;1.000000;5.080000,15.100000;23.540001;2.860000,-18.700001;33.369999;2.380000,1,13,0.1,,,
-37.910000;1.100000;5.080000,9.900000;26.240000;2.860000,-16.700001;33.369999;2.380000,1,13,0.5,,,
-37.910000;1.100000;5.080000,9.900000;26.240000;2.860000,-17.200001;33.869999;2.380000,0,-1,0.5,,,
-37.910000;1.100000;5.080000,9.900000;26.240000;2.860000,-16.700001;34.369999;2.380000,1,10,0.5,,,
-39.709999;-1.000000;5.080000,16.650000;25.340000;2.860000,37.000000;30.670000;2.380000,1,13,0.8,,,
-39.910000;-1.200000;5.080000,16.650000;25.340000;2.860000,37.000000;30.670000;2.380000,1,13,0.8,,,
-37.910000;33.700001;5.080000,22.799999;28.040001;2.860000,-20.500000;31.570000;2.380000,0,-1,0.1,,,
-37.910000;33.700001;5.080000,22.799999;28.040001;2.860000,-21.400000;32.470001;2.380000,0,-1,0.1,,,
-37.910000;33.700001;5.080000,22.799999;28.040001;2.860000,-22.299999;33.369999;2.380000,0,-1,0.1,,,
-37.910000;33.700001;5.080000,21.900000;27.139999;2.860000,-22.299999;33.369999;2.380000,1,10,0.1,,,
-37.910000;33.700001;5.080000,21.000000;28.040001;2.860000,-22.299999;33.369999;2.380000,0,-1,0.1,,,
-37.910000;7.500000;5.080000,15.750000;44.599998;2.860000,-25.299999;24.700001;2.380000,0,-1,0.1,,,
-37.910000;7.500000;5.080000,15.750000;44.599998;2.860000,-24.400000;25.600000;2.380000,0,-1,0.1,,,
-37.009998;8.400000;5.080000,15.750000;44.599998;2.860000,-24.400000;25.600000;2.380000,0,-1,0.1,,,
-37.009998;8.400000;5.080000,14.850000;45.500000;2.860000,-24.400000;25.600000;2.380000,0,-1,0.1,,,
-37.009998;8.400000;5.080000,13.950000;46.400002;2.860000,-24.400000;25.600000;2.380000,1,10,0.1,,,
-37.009998;-0.100000;5.080000,16.650000;25.340000;2.860000,-18.700001;31.570000;2.380000,1,10,0.1,,,
-37.009998;-0.100000;5.080000,15.750000;26.240000;2.860000,-18.700001;31.570000;2.380000,1,10,0.1,,,
-36.110001;-1.000000;5.080000,15.750000;26.240000;2.860000,-18.700001;31.570000;2.380000,1,13,0.1,,,
-37.009998;-1.900000;5.080000,15.750000;26.240000;2.860000,-18.700001;31.570000;2.380000,1,13,0.1,,,
-36.110001;-2.800000;5.080000,15.750000;26.240000;2.860000,-18.700001;31.570000;2.380000,1,13,0.1,,,
-40.610001;1.000000;5.080000,15.100000;23.540001;2.860000,-18.700001;33.369999;2.380000,1,13,0.1,,,
-40.610001;1.000000;5.080000,15.100000;23.540001;2.860000,-17.799999;34.270000;2.380000,1,13,0.1,,,
-40.610001;1.000000;5.080000,16.000000;24.440001;2.860000,-17.799999;34.270000;2.380000,1,13,0.1,,,
-40.610001;1.000000;5.080000,16.000000;24.440001;2.860000,-18.700001;35.169998;2.380000,1,13,0.1,,,
-41.509998;0.100000;5.080000,16.000000;24.440001;2.860000,-18.700001;35.169998;2.380000,1,10,0.1,,,
-40.610001;1.000000;5.080000,9.900000;26.240000;2.860000,-16.700001;34.369999;2.380000,1,13,0.5,,,
-40.610001;1.000000;5.080000,10.400000;25.740000;2.860000,-16.700001;34.369999;2.380000,1,13,0.5,,,
-40.610001;1.000000;5.080000,9.900000;26.240000;2.860000,-16.700001;34.369999;2.380000,1,10,0.5,,,
-37.910000;1.100000;5.080000,15.100000;23.540001;2.860000,-18.700001;33.369999;2.380000,1,13,0.1,,,
-38.810001;0.200000;5.080000,15.100000;23.540001;2.860000,-18.700001;33.369999;2.380000,1,10,0.1,,,
-38.810001;0.200000;5.080000,15.100000;23.540001;2.860000,-17.799999;34.270000;2.380000,1,10,0.1,,,
-38.810001;0.200000;5.080000,15.100000;23.540001;2.860000,-18.700001;33.369999;2.380000,1,10,0.1,,,
-38.810001;0.200000;5.080000,16.000000;24.440001;2.860000,-18.700001;33.369999;2.380000,1,13,0.1,,,
-40.610001;1.000000;5.080000,-21.700001;23.540001;2.860000,-16.700001;34.369999;2.380000,1,10,0.5,,,
-40.610001;1.000000;5.080000,-21.700001;23.540001;2.860000,-16.700001;34.369999;2.380000,0,-1,0.5,,,
-37.910000;42.799999;5.080000,9.900000;26.240000;2.860000,-18.700001;33.369999;2.380000,1,10,0.1,,,
-37.910000;42.799999;5.080000,9.900000;26.240000;2.860000,-19.600000;34.270000;2.380000,1,13,0.1,,,
-37.910000;42.799999;5.080000,9.900000;26.240000;2.860000,-18.700001;35.169998;2.380000,1,10,0.1,,,
-38.810001;41.900002;5.080000,9.900000;26.240000;2.860000,-18.700001;35.169998;2.380000,0,-1,0.1,,,
-38.810001;41.900002;5.080000,9.000000;25.340000;2.860000,-18.700001;35.169998;2.380000,1,10,0.1,,,
-36.110001;-2.800000;5.080000,15.750000;26.240000;2.860000,-18.700001;31.570000;2.380000,1,10,0.1,,,
-37.009998;-1.900000;5.080000,15.750000;26.240000;2.860000,-18.700001;31.570000;2.380000,1,10,0.1,,,
-37.009998;-1.900000;5.080000,15.750000;26.240000;2.860000,-19.600000;32.470001;2.380000,1,10,0.1,,,
-37.009998;-1.900000;5.080000,15.750000;26.240000;2.860000,-20.500000;33.369999;2.380000,1,13,0.1,,,
-37.009998;-1.900000;5.080000,15.750000;26.240000;2.860000,-19.600000;34.270000;2.380000,1,10,0.1,,,
-41.509998;0.100000;5.080000,16.000000;24.440001;2.860000,-18.700001;35.169998;2.380000,1,13,0.1,,,
-41.509998;0.100000;5.080000,16.000000;24.440001;2.860000,-19.600000;36.070000;2.380000,1,10,0.1,,,
-41.509998;0.100000;5.080000,16.000000;24.440001;2.860000,-18.700001;36.970001;2.380000,1,10,0.1,,,
-41.509998;0.100000;5.080000,16.000000;24.440001;2.860000,-17.799999;37.869999;2.380000,1,13,0.1,,,
-41.509998;0.100000;5.080000,16.000000;24.440001;2.860000,-16.900000;38.770000;2.380000,1,13,0.1,,,
-40.610001;1.000000;5.080000,16.000000;24.440001;2.860000,-18.700001;35.169998;2.380000,1,13,0.8,,,
-40.610001;1.000000;5.080000,16.000000;24.440001;2.860000,-18.500000;34.970001;2.380000,1,10,0.8,,,
-41.509998;0.100000;5.080000,9.900000;26.240000;2.860000,-16.700001;34.369999;2.380000,0,-1,0.9,,,
-41.509998;0.100000;5.080000,9.900000;26.240000;2.860000,-16.799999;34.270000;2.380000,0,-1,0.9,,,
-38.810001;0.200000;5.080000,-21.700001;23.540001;2.860000,-16.700001;34.369999;2.380000,1,10,0.3,,,
-39.509998;-0.500000;5.080000,-21.700001;23.540001;2.860000,-16.700001;34.369999;2.380000,1,10,0.3,,,
-40.209999;-1.200000;5.080000,-21.700001;23.540001;2.860000,-16.700001;34.369999;2.380000,0,-1,0.3,,,
-40.910000;-0.500000;5.080000,-21.700001;23.540001;2.860000,-16.700001;34.369999;2.380000,1,10,0.3,,,
-40.610001;1.000000;5.080000,16.000000;24.440001;2.860000,-18.700001;33.369999;2.380000,1,13,0.4,,,
-40.610001;1.000000;5.080000,16.600000;25.040001;2.860000,-18.700001;33.369999;2.380000,1,10,0.4,,,
-40.610001;1.000000;5.080000,16.000000;25.639999;2.860000,-18.700001;33.369999;2.380000,1,13,0.4,,,
-37.009998;-1.900000;5.080000,15.750000;26.240000;2.860000,-19.600000;34.270000;2.380000,1,13,0.1,,,
-37.009998;-1.900000;5.080000,15.750000;26.240000;2.860000,-18.700001;35.169998;2.380000,1,15,0.1,,,
-37.009998;-1.900000;5.080000,16.650000;27.139999;2.860000,-18.700001;35.169998;2.380000,1,13,0.1,,,
-36.110001;-1.000000;5.080000,16.650000;27.139999;2.860000,-18.700001;35.169998;2.380000,1,13,0.1,,,
-37.009998;-1.900000;5.080000,16.650000;27.139999;2.860000,-18.700001;35.169998;2.380000,1,10,0.1,,,
-41.509998;0.100000;5.080000,16.000000;24.440001;2.860000,-16.900000;38.770000;2.380000,1,10,0.1,,,
-41.509998;0.100000;5.080000,16.900000;25.340000;2.860000,-16.900000;38.770000;2.380000,1,13,0.1,,,
-42.410000;1.000000;5.080000,16.900000;25.340000;2.860000,-16.900000;38.770000;2.380000,1,10,0.1,,,
-41.509998;1.900000;5.080000,16.900000;25.340000;2.860000,-16.900000;38.770000;2.380000,1,13,0.1,,,
-41.509998;1.900000;5.080000,16.900000;25.340000;2.860000,-16.000000;37.869999;2.380000,1,10,0.1,,,
-40.610001;25.900000;5.080000,16.000000;24.440001;2.860000,-18.500000;34.970001;2.380000,1,13,0.2,,,
-40.610001;18.000000;5.080000,16.000000;25.639999;2.860000,-20.600000;33.369999;2.380000,1,13,0.8,,,
-40.610001;18.000000;5.080000,15.800000;25.840000;2.860000,-20.600000;33.369999;2.380000,1,13,0.8,,,
-40.610001;1.000000;5.080000,21.000000;25.639999;2.860000,-18.700001;33.369999;2.380000,1,10,1,,,
-40.610001;1.000000;5.080000,16.000000;37.400002;2.860000,-18.700001;33.369999;2.380000,1,10,0.2,,,
-37.009998;-1.900000;5.080000,16.650000;27.139999;2.860000,-18.700001;35.169998;2.380000,1,13,0.1,,,
-36.110001;-2.800000;5.080000,16.650000;27.139999;2.860000,-18.700001;35.169998;2.380000,1,10,0.1,,,
-36.110001;-2.800000;5.080000,16.650000;27.139999;2.860000,-17.799999;34.270000;2.380000,1,13,0.1,,,
-36.110001;-2.800000;5.080000,15.750000;28.040001;2.860000,-17.799999;34.270000;2.380000,1,10,0.1,,,
-36.110001;-2.800000;5.080000,15.750000;28.040001;2.860000,-18.700001;35.169998;2.380000,1,10,0.1,,,
-41.509998;1.900000;5.080000,16.900000;25.340000;2.860000,-16.000000;37.869999;2.380000,1,13,0.1,,,
-41.509998;1.900000;5.080000,17.799999;24.440001;2.860000,-16.000000;37.869999;2.380000,1,10,0.1,,,
-40.610001;2.800000;5.080000,17.799999;24.440001;2.860000,-16.000000;37.869999;2.380000,1,10,0.1,,,
-40.610001;2.800000;5.080000,17.799999;24.440001;2.860000,-15.100000;36.970001;2.380000,1,10,0.1,,,
-40.610001;2.800000;5.080000,18.700001;25.340000;2.860000,-15.100000;36.970001;2.380000,1,13,0.1,,,
-40.610001;32.900002;5.080000,16.000000;24.440001;2.860000,-18.500000;34.970001;2.380000,1,10,0.7,,,
-40.610001;32.900002;5.080000,15.700000;24.740000;2.860000,-18.500000;34.970001;2.380000,1,13,0.7,,,
-40.610001;1.000000;5.080000,16.000000;37.400002;2.860000,-18.700001;33.369999;2.380000,1,10,0.2,,,
-37.009998;-1.900000;5.080000,16.650000;27.139999;2.860000,-18.700001;35.169998;2.380000,1,13,0.5,,,
-36.509998;-2.400000;5.080000,16.650000;27.139999;2.860000,-18.700001;35.169998;2.380000,1,13,0.5,,,
-36.009998;-1.900000;5.080000,16.650000;27.139999;2.860000,-18.700001;35.169998;2.380000,1,10,0.5,,,
-37.009998;-1.900000;5.080000,16.650000;27.139999;2.860000,-18.700001;35.169998;2.380000,1,10,0.3,,,
-37.009998;-1.900000;5.080000,17.350000;26.440001;2.860000,-18.700001;35.169998;2.380000,1,13,0.3,,,
-37.709999;-2.600000;5.080000,17.350000;26.440001;2.860000,-18.700001;35.169998;2.380000,1,13,0.3,,,
-37.709999;-2.600000;5.080000,17.350000;26.440001;2.860000,-19.400000;35.869999;2.380000,1,13,0.3,,,
-36.110001;-2.800000;5.080000,15.750000;28.040001;2.860000,-18.700001;35.169998;2.380000,1,10,0.1,,,
-36.110001;-2.800000;5.080000,15.750000;28.040001;2.860000,-19.600000;36.070000;2.380000,1,13,0.1,,,
-35.209999;-3.700000;5.080000,15.750000;28.040001;2.860000,-19.600000;36.070000;2.380000,1,13,0.1,,,
-34.310001;-4.600000;5.080000,15.750000;28.040001;2.860000,-19.600000;36.070000;2.380000,1,10,0.1,,,
-34.310001;-4.600000;5.080000,16.650000;28.940001;2.860000,-19.600000;36.070000;2.380000,0,-1,0.1,,,
-40.610001;2.800000;5.080000,18.700001;25.340000;2.860000,-15.100000;36.970001;2.380000,1,13,0.1,,,
-40.610001;2.800000;5.080000,18.700001;25.340000;2.860000,-16.000000;37.869999;2.380000,1,13,0.1,,,
-40.610001;2.800000;5.080000,18.700001;25.340000;2.860000,-15.100000;38.770000;2.380000,1,13,0.1,,,
-40.610001;2.800000;5.080000,18.700001;25.340000;2.860000,-14.200000;37.869999;2.380000,1,13,0.1,,,
-40.610001;2.800000;5.080000,18.700001;25.340000;2.860000,-15.100000;38.770000;2.380000,1,13,0.1,,,
-40.610001;2.800000;5.080000,18.700001;25.340000;2.860000,-19.400000;35.869999;2.380000,1,13,0.4,,,
-40.610001;2.800000;5.080000,18.700001;25.340000;2.860000,-20.000000;36.470001;2.380000,1,1,0.4,,,
-40.610001;2.800000;5.080000,18.700001;25.340000;2.860000,-20.600000;35.869999;2.380000,1,13,0.4,,,
-37.709999;-2.600000;5.080000,17.350000;26.440001;2.860000,-38.000000;36.970001;2.380000,1,13,0.1,,,
-36.810001;-1.700000;5.080000,17.350000;26.440001;2.860000,-38.000000;36.970001;2.380000,1,13,0.1,,,
-36.810001;-1.700000;5.080000,18.250000;25.540001;2.860000,-38.000000;36.970001;2.380000,1,10,0.1,,,
-36.810001;-1.700000;5.080000,18.250000;25.540001;2.860000,-37.099998;36.070000;2.380000,1,10,0.1,,,
-36.810001;-1.700000;5.080000,18.250000;25.540001;2.860000,-38.000000;36.970001;2.380000,1,13,0.1,,,
-36.009998;-5.800000;5.080000,16.650000;27.139999;2.860000,-15.100000;36.970001;2.380000,1,10,0.8,,,
-36.009998;-5.800000;5.080000,16.650000;27.139999;2.860000,-14.900000;37.169998;2.380000,1,13,0.8,,,
-40.610001;2.800000;5.080000,18.700001;20.100000;2.860000,-18.700001;35.169998;2.380000,1,13,0.5,,,
-40.110001;2.300000;5.080000,18.700001;20.100000;2.860000,-18.700001;35.169998;2.380000,1,10,0.5,,,
-39.610001;1.800000;5.080000,18.700001;20.100000;2.860000,-18.700001;35.169998;2.380000,1,13,0.5,,,
-40.610001;2.800000;5.080000,18.700001;25.340000;2.860000,-15.100000;38.770000;2.380000,1,10,0.1,,,
-40.610001;2.800000;5.080000,19.600000;24.440001;2.860000,-15.100000;38.770000;2.380000,1,10,0.1,,,
-40.610001;2.800000;5.080000,19.600000;24.440001;2.860000,-14.200000;37.869999;2.380000,1,13,0.1,,,
-41.509998;3.700000;5.080000,19.600000;24.440001;2.860000,-14.200000;37.869999;2.380000,1,13,0.1,,,
-41.509998;3.700000;5.080000,19.600000;24.440001;2.860000,-15.100000;38.770000;2.380000,1,10,0.1,,,
-36.810001;-1.700000;5.080000,18.250000;25.540001;2.860000,-38.000000;36.970001;2.380000,1,13,0.1,,,
-36.810001;-1.700000;5.080000,17.350000;26.440001;2.860000,-38.000000;36.970001;2.380000,1,10,0.1,,,
-36.810001;-1.700000;5.080000,17.350000;26.440001;2.860000,-38.900002;37.869999;2.380000,1,10,0.1,,,
-36.810001;-1.700000;5.080000,17.350000;26.440001;2.860000,-39.799999;38.770000;2.380000,1,13,0.1,,,
-36.810001;-1.700000;5.080000,17.350000;26.440001;2.860000,-38.900002;39.669998;2.380000,1,10,0.1,,,
-34.310001;-4.600000;5.080000,16.650000;28.940001;2.860000,-19.600000;36.070000;2.380000,0,-1,0.9,,,
-34.410000;-4.500000;5.080000,16.650000;28.940001;2.860000,-19.600000;36.070000;2.380000,0,-1,0.9,,,
-36.009998;-5.800000;5.080000,16.650000;27.139999;2.860000,-14.900000;37.169998;2.380000,1,10,0.3,,,
-36.009998;-5.800000;5.080000,16.650000;27.139999;2.860000,-15.600000;36.470001;2.380000,1,10,0.3,,,
-36.009998;-5.800000;5.080000,17.350000;26.440001;2.860000,-15.600000;36.470001;2.380000,1,10,0.3,,,
-35.310001;-5.100000;5.080000,17.350000;26.440001;2.860000,-15.600000;36.470001;2.380000,1,13,0.3,,,
-40.610001;19.600000;5.080000,18.700001;25.340000;2.860000,-15.100000;38.770000;2.380000,1,10,0.4,,,
-40.610001;19.600000;5.080000,18.700001;25.340000;2.860000,-15.700000;39.369999;2.380000,1,13,0.4,,,
-41.209999;20.200001;5.080000,18.700001;25.340000;2.860000,-15.700000;39.369999;2.380000,1,13,0.4,,,
-40.610001;2.800000;5.080000,18.700001;25.340000;2.860000,-15.100000;38.770000;2.380000,1,13,0.7,,,
-40.610001;2.800000;5.080000,18.400000;25.040001;2.860000,-15.100000;38.770000;2.380000,1,10,0.7,,,
-41.509998;3.700000;5.080000,19.600000;24.440001;2.860000,-15.100000;38.770000;2.380000,1,13,0.1,,,
-41.509998;3.700000;5.080000,20.500000;25.340000;2.860000,-15.100000;38.770000;2.380000,1,10,0.1,,,
-42.410000;4.600000;5.080000,20.500000;25.340000;2.860000,-15.100000;38.770000;2.380000,0,-1,0.1,,,
-42.410000;4.600000;5.080000,21.400000;26.240000;2.860000,-15.100000;38.770000;2.380000,1,10,0.1,,,
-42.410000;4.600000;5.080000,20.500000;27.139999;2.860000,-15.100000;38.770000;2.380000,0,-1,0.1,,,
-36.810001;-1.700000;5.080000,17.350000;26.440001;2.860000,-38.900002;39.669998;2.380000,1,13,0.1,,,
-35.910000;-2.600000;5.080000,17.350000;26.440001;2.860000,-38.900002;39.669998;2.380000,1,13,0.1,,,
-35.910000;-2.600000;5.080000,17.350000;26.440001;2.860000,-39.799999;38.770000;2.380000,1,13,0.1,,,
-35.910000;-2.600000;5.080000,17.350000;26.440001;2.860000,-38.900002;37.869999;2.380000,1,13,0.1,,,
-35.910000;-2.600000;5.080000,18.250000;25.540001;2.860000,-38.900002;37.869999;2.380000,1,13,0.1,,,
-35.310001;-5.100000;5.080000,17.350000;26.440001;2.860000,33.099998;36.470001;2.380000,1,10,0.3,,,
-35.310001;-5.100000;5.080000,18.049999;27.139999;2.860000,33.099998;36.470001;2.380000,1,10,0.3,,,
-35.310001;-5.100000;5.080000,18.750000;26.440001;2.860000,33.099998;36.470001;2.380000,1,10,0.3,,,
-35.310001;-5.100000;5.080000,18.750000;26.440001;2.860000,32.400002;37.169998;2.380000,1,10,0.3,,,
-35.310001;7.200000;5.080000,17.350000;26.440001;2.860000,-15.600000;36.470001;2.380000,1,10,0.3,,,
-35.310001;7.200000;5.080000,17.350000;26.440001;2.860000,-16.299999;37.169998;2.380000,1,13,0.3,,,
-35.310001;7.200000;5.080000,17.350000;26.440001;2.860000,-17.000000;36.470001;2.380000,1,10,0.3,,,
-35.310001;7.200000;5.080000,17.350000;26.440001;2.860000,-16.299999;35.770000;2.380000,1,13,0.3,,,
-35.310001;45.000000;5.080000,17.350000;26.440001;2.860000,-15.600000;36.470001;2.380000,1,13,0.8,,,
-35.310001;45.000000;5.080000,17.549999;26.639999;2.860000,-15.600000;36.470001;2.380000,1,10,0.8,,,
-36.810001;-1.700000;5.080000,17.350000;15.500000;2.860000,-38.900002;39.669998;2.380000,1,13,0.7,,,
-36.509998;-1.400000;5.080000,17.350000;15.500000;2.860000,-38.900002;39.669998;2.380000,1,13,0.7,,,
-35.910000;-2.600000;5.080000,18.250000;25.540001;2.860000,-38.900002;37.869999;2.380000,1,13,0.1,,,
-36.810001;-1.700000;5.080000,18.250000;25.540001;2.860000,-38.900002;37.869999;2.380000,1,13,0.1,,,
-36.810001;-1.700000;5.080000,18.250000;25.540001;2.860000,-39.799999;38.770000;2.380000,1,10,0.1,,,
-37.709999;-0.800000;5.080000,18.250000;25.540001;2.860000,-39.799999;38.770000;2.380000,1,10,0.1,,,
-36.810001;0.100000;5.080000,18.250000;25.540001;2.860000,-39.799999;38.770000;2.380000,1,13,0.1,,,
-35.310001;-5.100000;5.080000,18.750000;26.440001;2.860000,32.400002;37.169998;2.380000,1,13,0.3,,,
-35.310001;-5.100000;5.080000,18.049999;25.740000;2.860000,32.400002;37.169998;2.380000,1,10,0.3,,,
-36.009998;-5.800000;5.080000,18.049999;25.740000;2.860000,32.400002;37.169998;2.380000,1,10,0.3,,,
-36.009998;-5.800000;5.080000,18.049999;25.740000;2.860000,31.700001;37.869999;2.380000,1,10,0.3,,,
-31.700001;-2.600000;5.080000,18.250000;25.540001;2.860000,-38.900002;37.869999;2.380000,1,13,0.1,,,
-31.700001;-2.600000;5.080000,19.150000;24.639999;2.860000,-38.900002;37.869999;2.380000,1,13,0.1,,,
-31.700001;-2.600000;5.080000,19.150000;24.639999;2.860000,-38.000000;38.770000;2.380000,1,13,0.1,,,
-31.700001;-2.600000;5.080000,20.049999;25.540001;2.860000,-38.000000;38.770000;2.380000,0,-1,0.1,,,
-31.700001;-2.600000;5.080000,20.049999;25.540001;2.860000,-37.099998;39.669998;2.380000,0,-1,0.1,,,
-36.509998;-1.400000;5.080000,17.350000;15.500000;2.860000,-38.900002;39.669998;2.380000,1,10,0.1,,,
-37.410000;-2.300000;5.080000,17.350000;15.500000;2.860000,-38.900002;39.669998;2.380000,1,13,0.1,,,
-38.310001;-1.400000;5.080000,17.350000;15.500000;2.860000,-38.900002;39.669998;2.380000,1,10,0.1,,,
-39.209999;-2.300000;5.080000,17.350000;15.500000;2.860000,-38.900002;39.669998;2.380000,1,13,0.1,,,
-38.310001;-1.400000;5.080000,17.350000;15.500000;2.860000,-38.900002;39.669998;2.380000,1,13,0.1,,,
-35.310001;-5.100000;5.080000,18.750000;26.440001;2.860000,32.400002;37.169998;2.380000,1,13,0,,,
-35.310001;-5.100000;5.080000,18.750000;26.440001;2.860000,33.400002;36.169998;2.380000,1,10,0,,,
-35.310001;-5.100000;5.080000,18.750000;26.440001;2.860000,34.400002;35.169998;2.380000,1,10,0,,,
-35.310001;-5.100000;5.080000,19.750000;27.440001;2.860000,34.400002;35.169998;2.380000,0,-1,0,,,
-35.310001;-5.100000;5.080000,19.750000;27.440001;2.860000,33.400002;36.169998;2.380000,0,-1,0,,,
-35.910000;-2.600000;5.080000,18.250000;25.540001;2.860000,-38.900002;37.869999;2.380000,1,10,0.2,,,
-36.810001;0.100000;5.080000,18.250000;25.540001;2.860000,-39.799999;38.770000;2.380000,1,10,0.1,,,
-36.810001;0.100000;5.080000,18.250000;25.540001;2.860000,-38.900002;39.669998;2.380000,1,13,0.1,,,
-36.810001;0.100000;5.080000,18.250000;25.540001;2.860000,-39.799999;38.770000;2.380000,1,10,0.1,,,
-36.810001;0.100000;5.080000,17.350000;26.440001;2.860000,-39.799999;38.770000;2.380000,1,10,0.1,,,
-35.910000;1.000000;5.080000,17.350000;26.440001;2.860000,-39.799999;38.770000;2.380000,1,10,0.1,,,
-38.310001;-1.400000;5.080000,17.350000;15.500000;2.860000,-38.900002;39.669998;2.380000,1,10,0.1,,,
-38.310001;-1.400000;5.080000,17.350000;15.500000;2.860000,-38.000000;38.770000;2.380000,1,13,0.1,,,
-38.310001;-1.400000;5.080000,18.250000;16.400000;2.860000,-38.000000;38.770000;2.380000,1,13,0.1,,,
-38.310001;-1.400000;5.080000,17.350000;17.299999;2.860000,-38.000000;38.770000;2.380000,1,13,0.1,,,
-39.209999;-2.300000;5.080000,17.350000;17.299999;2.860000,-38.000000;38.770000;2.380000,1,13,0.1,,,
-36.810001;0.100000;5.080000,18.250000;25.540001;2.860000,-39.799999;38.770000;2.380000,1,13,0.1,,,
-36.810001;0.100000;5.080000,18.250000;25.540001;2.860000,-40.700001;39.669998;2.380000,1,13,0.1,,,
-36.810001;0.100000;5.080000,18.250000;25.540001;2.860000,-41.599998;38.770000;2.380000,1,13,0.1,,,
-37.709999;-0.800000;5.080000,18.250000;25.540001;2.860000,-41.599998;38.770000;2.380000,1,10,0.1,,,
-36.810001;0.100000;5.080000,18.250000;25.540001;2.860000,-41.599998;38.770000;2.380000,1,13,0.1,,,
-36.810001;0.100000;5.080000,18.250000;25.540001;2.860000,-7.000000;38.770000;2.380000,1,10,0.8,,,
-36.810001;0.100000;5.080000,18.049999;25.340000;2.860000,-7.000000;38.770000;2.380000,1,10,0.8,,,
-31.700001;-2.600000;5.080000,18.049999;15.800000;2.860000,29.200001;37.869999;2.380000,1,13,0.3,,,
-31.700001;-2.600000;5.080000,17.350000;16.500000;2.860000,29.200001;37.869999;2.380000,1,13,0.3,,,
-31.700001;-2.600000;5.080000,18.049999;17.200001;2.860000,29.200001;37.869999;2.380000,1,10,0.3,,,
-31.700001;-2.600000;5.080000,17.350000;16.500000;2.860000,29.200001;37.869999;2.380000,1,10,0.3,,,
-36.500000;-5.800000;5.080000,20.049999;25.540001;2.860000,-38.599998;39.669998;2.380000,0,-1,0.1,,,
-36.500000;-5.800000;5.080000,20.049999;25.540001;2.860000,-39.500000;40.570000;2.380000,0,-1,0.1,,,
-35.599998;-4.900000;5.080000,20.049999;25.540001;2.860000,-39.500000;40.570000;2.380000,0,-1,0.1,,,
-36.500000;-5.800000;5.080000,20.049999;25.540001;2.860000,-39.500000;40.570000;2.380000,1,10,0.1,,,
-35.599998;-4.900000;5.080000,20.049999;25.540001;2.860000,-39.500000;40.570000;2.380000,1,10,0.1,,,
-35.910000;1.000000;5.080000,17.350000;26.440001;2.860000,-39.799999;38.770000;2.380000,1,13,0.1,,,
-35.910000;1.000000;5.080000,18.250000;27.340000;2.860000,-39.799999;38.770000;2.380000,1,13,0.1,,,
-36.810001;1.900000;5.080000,18.250000;27.340000;2.860000,-39.799999;38.770000;2.380000,1,13,0.1,,,
-36.810001;1.900000;5.080000,18.250000;27.340000;2.860000,-40.700001;39.669998;2.380000,1,13,0.1,,,
-36.810001;1.900000;5.080000,19.150000;26.440001;2.860000,-40.700001;39.669998;2.380000,1,10,0.1,,,
-39.209999;-2.300000;5.080000,17.350000;17.299999;2.860000,-38.000000;38.770000;2.380000,1,13,0.1,,,
-39.209999;-2.300000;5.080000,17.350000;17.299999;2.860000,-37.099998;39.669998;2.380000,1,10,0.1,,,
-40.110001;-3.200000;5.080000,17.350000;17.299999;2.860000,-37.099998;39.669998;2.380000,1,13,0.1,,,
-40.110001;-3.200000;5.080000,17.350000;17.299999;2.860000,-36.200001;40.570000;2.380000,1,13,0.1,,,
-40.110001;-3.200000;5.080000,18.250000;16.400000;2.860000,-36.200001;40.570000;2.380000,1,13,0.1,,,
-39.209999;-2.300000;5.080000,17.350000;17.299999;2.860000,-38.000000;38.770000;2.380000,1,13,0.5,,,
-39.209999;-2.300000;5.080000,17.350000;17.299999;2.860000,-38.500000;38.270000;2.380000,1,10,0.5,,,
-39.209999;-2.300000;5.080000,17.350000;17.299999;2.860000,-39.000000;37.770000;2.380000,1,13,0.5,,,
-39.209999;-2.300000;5.080000,17.350000;17.299999;2.860000,-38.000000;38.770000;2.380000,1,13,1,,,
-36.810001;0.100000;5.080000,20.049999;25.540001;2.860000,-39.500000;40.570000;2.380000,1,10,0.1,,,
-36.810001;0.100000;5.080000,19.150000;26.440001;2.860000,-39.500000;40.570000;2.380000,1,10,0.1,,,
-36.810001;0.100000;5.080000,19.150000;26.440001;2.860000,-38.599998;39.669998;2.380000,1,10,0.1,,,
-35.910000;-0.800000;5.080000,19.150000;26.440001;2.860000,-38.599998;39.669998;2.380000,1,13,0.1,,,
-35.009998;-1.700000;5.080000,19.150000;26.440001;2.860000,-38.599998;39.669998;2.380000,1,10,0.1,,,
40.000000;-4.900000;5.080000,27.700001;25.540001;2.860000,-41.599998;38.770000;2.380000,1,10,0.1,,,
40.900002;-4.000000;5.080000,27.700001;25.540001;2.860000,-41.599998;38.770000;2.380000,0,-1,0.1,,,
40.900002;-4.000000;5.080000,27.700001;25.540001;2.860000,-42.500000;37.869999;2.380000,0,-1,0.1,,,
41.799999;-4.900000;5.080000,27.700001;25.540001;2.860000,-42.500000;37.869999;2.380000,1,10,0.1,,,
42.700001;-4.000000;5.080000,27.700001;25.540001;2.860000,-42.500000;37.869999;2.380000,0,-1,0.1,,,
-36.810001;1.900000;5.080000,19.150000;26.440001;2.860000,-40.700001;39.669998;2.380000,1,13,0.1,,,
-36.810001;1.900000;5.080000,19.150000;26.440001;2.860000,-41.599998;38.770000;2.380000,1,10,0.1,,,
-36.810001;1.900000;5.080000,19.150000;26.440001;2.860000,-40.700001;37.869999;2.380000,1,10,0.1,,,
-36.810001;1.900000;5.080000,20.049999;27.340000;2.860000,-40.700001;37.869999;2.380000,0,-1,0.1,,,
-36.810001;1.900000;5.080000,20.049999;27.340000;2.860000,-41.599998;38.770000;2.380000,0,-1,0.1,,,
-40.110001;-3.200000;5.080000,18.250000;16.400000;2.860000,-36.200001;40.570000;2.380000,1,13,0.1,,,
-40.110001;-3.200000;5.080000,18.250000;16.400000;2.860000,-37.099998;41.470001;2.380000,1,13,0.1,,,
-41.009998;-2.300000;5.080000,18.250000;16.400000;2.860000,-37.099998;41.470001;2.380000,1,10,0.1,,,
-40.110001;-1.400000;5.080000,18.250000;16.400000;2.860000,-37.099998;41.470001;2.380000,1,10,0.1,,,
-40.110001;-1.400000;5.080000,18.250000;16.400000;2.860000,-38.000000;42.369999;2.380000,1,10,0.1,,,
42.700001;-4.000000;5.080000,27.700001;25.540001;2.860000,-42.500000;37.869999;2.380000,1,10,0.1,,,
42.700001;-4.000000;5.080000,28.600000;24.639999;2.860000,-42.500000;37.869999;2.380000,0,-1,0.1,,,
43.599998;-3.100000;5.080000,28.600000;24.639999;2.860000,-42.500000;37.869999;2.380000,1,10,0.1,,,
43.599998;-3.100000;5.080000,28.600000;24.639999;2.860000,-43.400002;36.970001;2.380000,0,-1,0.1,,,
43.599998;-3.100000;5.080000,28.600000;24.639999;2.860000,-44.299999;36.070000;2.380000,1,10,0.1,,,
42.700001;42.500000;5.080000,-6.200000;25.540001;2.860000,-42.500000;37.869999;2.380000,1,13,0.1,,,
-40.110001;-3.200000;5.080000,18.250000;40.599998;2.860000,-20.000000;40.570000;2.380000,0,-1,0.1,,,
-40.110001;-3.200000;5.080000,17.350000;39.700001;2.860000,-20.000000;40.570000;2.380000,0,-1,0.1,,,
-41.009998;-2.300000;5.080000,17.350000;39.700001;2.860000,-20.000000;40.570000;2.380000,0,-1,0.1,,,
-41.009998;-2.300000;5.080000,17.350000;39.700001;2.860000,-20.900000;41.470001;2.380000,0,-1,0.1,,,
-40.110001;-3.200000;5.080000,17.350000;39.700001;2.860000,-20.900000;41.470001;2.380000,0,-1,0.1,,,
42.700001;-4.000000;5.080000,9.800000;25.540001;2.860000,-42.500000;37.869999;2.380000,1,13,0.1,,,
42.700001;-4.000000;5.080000,10.700000;24.639999;2.860000,-42.500000;37.869999;2.380000,1,10,0.1,,,
41.799999;-3.100000;5.080000,10.700000;24.639999;2.860000,-42.500000;37.869999;2.380000,1,13,0.1,,,
40.900002;-2.200000;5.080000,10.700000;24.639999;2.860000,-42.500000;37.869999;2.380000,1,13,0.1,,,
40.900002;-2.200000;5.080000,10.700000;24.639999;2.860000,-43.400002;38.770000;2.380000,1,13,0.1,,,
-40.110001;-1.400000;5.080000,18.250000;16.400000;2.860000,-38.000000;42.369999;2.380000,1,10,0.1,,,
-40.110001;-1.400000;5.080000,17.350000;17.299999;2.860000,-38.000000;42.369999;2.380000,1,13,0.1,,,
-40.110001;-1.400000;5.080000,17.350000;17.299999;2.860000,-37.099998;41.470001;2.380000,1,13,0.1,,,
-40.110001;-1.400000;5.080000,18.250000;16.400000;2.860000,-37.099998;41.470001;2.380000,1,13,0.1,,,
-41.009998;-0.500000;5.080000,18.250000;16.400000;2.860000,-37.099998;41.470001;2.380000,1,13,0.1,,,
40.900002;-2.200000;5.080000,10.700000;24.639999;2.860000,-43.400002;38.770000;2.380000,1,13,0.1,,,
40.900002;-2.200000;5.080000,11.600000;23.740000;2.860000,-43.400002;38.770000;2.380000,1,10,0.1,,,
40.900002;-2.200000;5.080000,12.500000;22.840000;2.860000,-43.400002;38.770000;2.380000,1,13,0.1,,,
40.900002;-2.200000;5.080000,11.600000;23.740000;2.860000,-43.400002;38.770000;2.380000,1,13,0.1,,,
40.900002;-2.200000;5.080000,10.700000;24.639999;2.860000,-43.400002;38.770000;2.380000,1,10,0.1,,,
40.900002;-2.200000;5.080000,10.700000;22.600000;2.860000,29.100000;38.770000;2.380000,1,13,0.1,,,
40.900002;-2.200000;5.080000,11.600000;21.700001;2.860000,29.100000;38.770000;2.380000,1,13,0.1,,,
40.900002;-2.200000;5.080000,10.700000;22.600000;2.860000,29.100000;38.770000;2.380000,1,10,0.1,,,
40.900002;-2.200000;5.080000,9.800000;23.500000;2.860000,29.100000;38.770000;2.380000,1,13,0.1,,,
40.000000;-1.300000;5.080000,9.800000;23.500000;2.860000,29.100000;38.770000;2.380000,1,13,0.1,,,
40.900002;-2.200000;5.080000,10.700000;24.639999;2.860000,19.500000;38.770000;2.380000,1,10,0.9,,,
40.900002;-2.200000;5.080000,10.700000;24.639999;2.860000,19.600000;38.669998;2.380000,1,13,0.9,,,
40.900002;5.100000;5.080000,10.700000;24.639999;2.860000,-43.400002;38.770000;2.380000,0,-1,0.1,,,
40.900002;5.100000;5.080000,10.700000;24.639999;2.860000,-44.299999;37.869999;2.380000,0,-1,0.1,,,
41.799999;6.000000;5.080000,10.700000;24.639999;2.860000,-44.299999;37.869999;2.380000,0,-1,0.1,,,
41.799999;6.000000;5.080000,11.600000;23.740000;2.860000,-44.299999;37.869999;2.380000,0,-1,0.1,,,
40.900002;6.900000;5.080000,11.600000;23.740000;2.860000,-44.299999;37.869999;2.380000,0,-1,0.1,,,
-40.110001;24.100000;5.080000,18.250000;16.400000;2.860000,-38.000000;42.369999;2.380000,0,-1,1,,,
-41.009998;-0.500000;5.080000,18.250000;16.400000;2.860000,-37.099998;41.470001;2.380000,0,-1,0.1,,,
-41.009998;-0.500000;5.080000,18.250000;16.400000;2.860000,-38.000000;42.369999;2.380000,0,-1,0.1,,,
-40.110001;0.400000;5.080000,18.250000;16.400000;2.860000,-38.000000;42.369999;2.380000,0,-1,0.1,,,
-40.110001;0.400000;5.080000,17.350000;15.500000;2.860000,-38.000000;42.369999;2.380000,0,-1,0.1,,,
-39.209999;-0.500000;5.080000,17.350000;15.500000;2.860000,-38.000000;42.369999;2.380000,0,-1,0.1,,,
40.900002;-2.200000;5.080000,10.700000;24.639999;2.860000,-43.400002;38.770000;2.380000,0,-1,0.1,,,
40.900002;-2.200000;5.080000,11.600000;23.740000;2.860000,-43.400002;38.770000;2.380000,0,-1,0.1,,,
40.900002;-2.200000;5.080000,12.500000;24.639999;2.860000,-43.400002;38.770000;2.380000,0,-1,0.1,,,
40.900002;-2.200000;5.080000,11.600000;25.540001;2.860000,-43.400002;38.770000;2.380000,0,-1,0.1,,,
40.000000;-1.300000;5.080000,11.600000;25.540001;2.860000,-43.400002;38.770000;2.380000,0,-1,0.1,,,
40.900002;-2.200000;5.080000,10.700000;40.000000;2.860000,-43.400002;38.770000;2.380000,0,-1,1,,,
40.900002;-2.200000;5.080000,10.700000;24.639999;2.860000,19.600000;38.669998;2.380000,0,-1,0.3,,,
40.900002;-2.200000;5.080000,10.700000;24.639999;2.860000,20.299999;39.369999;2.380000,0,-1,0.3,,,
40.200001;-1.500000;5.080000,10.700000;24.639999;2.860000,20.299999;39.369999;2.380000,0,-1,0.3,,,
39.500000;-2.200000;5.080000,10.700000;24.639999;2.860000,20.299999;39.369999;2.380000,0,-1,0.3,,,
40.900002;-2.200000;5.080000,10.700000;24.639999;2.860000,-43.400002;38.770000;2.380000,0,-1,0.1,,,
40.000000;-3.100000;5.080000,10.700000;24.639999;2.860000,-43.400002;38.770000;2.380000,0,-1,0.1,,,
40.000000;-3.100000;5.080000,10.700000;24.639999;2.860000,-44.299999;39.669998;2.380000,0,-1,0.1,,,
39.099998;-4.000000;5.080000,10.700000;24.639999;2.860000,-44.299999;39.669998;2.380000,0,-1,0.1,,,
38.200001;-3.100000;5.080000,10.700000;24.639999;2.860000,-44.299999;39.669998;2.380000,0,-1,0.1,,,
40.900002;-2.200000;5.080000,10.700000;24.639999;2.860000,-43.400002;38.770000;2.380000,0,-1,0.7,,,
40.900002;-2.200000;5.080000,11.000000;24.340000;2.860000,-43.400002;38.770000;2.380000,0,-1,0.7,,,
-39.209999;-0.500000;5.080000,17.350000;15.500000;2.860000,-38.000000;42.369999;2.380000,0,-1,0.1,,,
